"Species","code","Impact_year","Type_of_cost_merged","Management_type","Genus","Cost_ID","Cost.USD","First_invacost","First_manage_invacost"
"Aedes aegypti","ARG",2016,"Damage_costs",NA,"Aedes","NE3242",6170,2007,1977
"Aedes aegypti","ARG",2016,"Damage_costs",NA,"Aedes","NE3236",4800178,2007,1977
"Aedes aegypti","ARG",2016,"Damage_costs",NA,"Aedes","NE3241",12400,2007,1977
"Aedes aegypti","ARG",2016,"Damage_costs",NA,"Aedes","NE3243",3530,2007,1977
"Aedes aegypti","ARG",2016,"Damage_costs",NA,"Aedes","NE3235",1033320,2007,1977
"Aedes aegypti","ARG",2016,"Damage_costs",NA,"Aedes","NE3240",56110,2007,1977
"Aedes aegypti","ARG",2016,"Damage_costs",NA,"Aedes","NE3237",3685500,2007,1977
"Aedes aegypti","ARG",2016,"Damage_costs",NA,"Aedes","NE3239",77260,2007,1977
"Aedes aegypti","ARG",2016,"Damage_costs",NA,"Aedes","NE3238",212277,2007,1977
"Aedes aegypti","BLZ",2007,"Damage_costs",NA,"Aedes","2275",814439.261086367,1995,1977
"Aedes aegypti","BLZ",2000,"Damage_costs",NA,"Aedes","2275",814439.261086367,1995,1977
"Aedes aegypti","BLZ",2005,"Damage_costs",NA,"Aedes","2275",814439.261086367,1995,1977
"Aedes aegypti","BLZ",2002,"Damage_costs",NA,"Aedes","2275",814439.261086367,1995,1977
"Aedes aegypti","BLZ",2001,"Damage_costs",NA,"Aedes","2275",814439.261086367,1995,1977
"Aedes aegypti","BLZ",2006,"Damage_costs",NA,"Aedes","2275",814439.261086367,1995,1977
"Aedes aegypti","BLZ",2004,"Damage_costs",NA,"Aedes","2275",814439.261086367,1995,1977
"Aedes aegypti","BLZ",2003,"Damage_costs",NA,"Aedes","2275",814439.261086367,1995,1977
"Aedes aegypti","BOL",2000,"Damage_costs",NA,"Aedes","2277",43592592.6645649,1995,1977
"Aedes aegypti","BOL",2004,"Damage_costs",NA,"Aedes","2277",43592592.6645649,1995,1977
"Aedes aegypti","BOL",2005,"Damage_costs",NA,"Aedes","2277",43592592.6645649,1995,1977
"Aedes aegypti","BOL",2001,"Damage_costs",NA,"Aedes","2277",43592592.6645649,1995,1977
"Aedes aegypti","BOL",2006,"Damage_costs",NA,"Aedes","2277",43592592.6645649,1995,1977
"Aedes aegypti","BOL",2003,"Damage_costs",NA,"Aedes","2277",43592592.6645649,1995,1977
"Aedes aegypti","BOL",2007,"Damage_costs",NA,"Aedes","2277",43592592.6645649,1995,1977
"Aedes aegypti","BOL",2002,"Damage_costs",NA,"Aedes","2277",43592592.6645649,1995,1977
"Aedes aegypti","BRA",2006,"Damage_costs",NA,"Aedes","2393",10675000,2000,1977
"Aedes aegypti","BRA",2009,"Damage_costs",NA,"Aedes","2393",10675000,2000,1977
"Aedes aegypti","BRA",2015,"Damage_costs",NA,"Aedes","2393",10675000,2000,1977
"Aedes aegypti","BRA",2009,"Damage_costs",NA,"Aedes","2381",1418928.77,2000,1977
"Aedes aegypti","BRA",2004,"Damage_costs",NA,"Aedes","2393",10675000,2000,1977
"Aedes aegypti","BRA",2007,"Damage_costs",NA,"Aedes","2380",386133.56,2000,1977
"Aedes aegypti","BRA",2011,"Damage_costs",NA,"Aedes","2393",10675000,2000,1977
"Aedes aegypti","BRA",2006,"Damage_costs",NA,"Aedes","2380",386133.56,2000,1977
"Aedes aegypti","BRA",2010,"Damage_costs",NA,"Aedes","2381",1418928.77,2000,1977
"Aedes aegypti","BRA",2000,"Damage_costs",NA,"Aedes","2393",10675000,2000,1977
"Aedes aegypti","BRA",2010,"Damage_costs",NA,"Aedes","2376",9363890.33558606,2000,1977
"Aedes aegypti","BRA",2012,"Damage_costs",NA,"Aedes","2393",10675000,2000,1977
"Aedes aegypti","BRA",2001,"Damage_costs",NA,"Aedes","2393",10675000,2000,1977
"Aedes aegypti","BRA",2008,"Damage_costs",NA,"Aedes","2393",10675000,2000,1977
"Aedes aegypti","BRA",2008,"Damage_costs",NA,"Aedes","2380",386133.56,2000,1977
"Aedes aegypti","BRA",2014,"Damage_costs",NA,"Aedes","2393",10675000,2000,1977
"Aedes aegypti","BRA",2010,"Damage_costs",NA,"Aedes","2393",10675000,2000,1977
"Aedes aegypti","BRA",2011,"Damage_costs",NA,"Aedes","2381",1418928.77,2000,1977
"Aedes aegypti","BRA",2005,"Damage_costs",NA,"Aedes","2393",10675000,2000,1977
"Aedes aegypti","BRA",2002,"Damage_costs",NA,"Aedes","2380",386133.56,2000,1977
"Aedes aegypti","BRA",2017,"Damage_costs",NA,"Aedes","NE4535",126158445.853076,2000,1977
"Aedes aegypti","BRA",2000,"Damage_costs",NA,"Aedes","2380",386133.56,2000,1977
"Aedes aegypti","BRA",2007,"Damage_costs",NA,"Aedes","2393",10675000,2000,1977
"Aedes aegypti","BRA",2011,"Damage_costs",NA,"Aedes","2370",130833.307066554,2000,1977
"Aedes aegypti","BRA",2003,"Damage_costs",NA,"Aedes","2393",10675000,2000,1977
"Aedes aegypti","BRA",2004,"Damage_costs",NA,"Aedes","2380",386133.56,2000,1977
"Aedes aegypti","BRA",2017,"Damage_costs",NA,"Aedes","NE4534",109384525.980724,2000,1977
"Aedes aegypti","BRA",2012,"Damage_costs",NA,"Aedes","2381",1418928.77,2000,1977
"Aedes aegypti","BRA",2013,"Damage_costs",NA,"Aedes","2393",10675000,2000,1977
"Aedes aegypti","BRA",2002,"Damage_costs",NA,"Aedes","2393",10675000,2000,1977
"Aedes aegypti","BRA",2005,"Damage_costs",NA,"Aedes","2380",386133.56,2000,1977
"Aedes aegypti","BRA",2013,"Damage_costs",NA,"Aedes","2381",1418928.77,2000,1977
"Aedes aegypti","BRA",2003,"Damage_costs",NA,"Aedes","2380",386133.56,2000,1977
"Aedes aegypti","BRA",2001,"Damage_costs",NA,"Aedes","2380",386133.56,2000,1977
"Aedes aegypti","BRN",2009,"Damage_costs",NA,"Aedes","2215",669205.043132053,2001,1977
"Aedes aegypti","BRN",2010,"Damage_costs",NA,"Aedes","2215",669205.043132053,2001,1977
"Aedes aegypti","BRN",2004,"Damage_costs",NA,"Aedes","2215",669205.043132053,2001,1977
"Aedes aegypti","BRN",2001,"Damage_costs",NA,"Aedes","2215",669205.043132053,2001,1977
"Aedes aegypti","BRN",2006,"Damage_costs",NA,"Aedes","2215",669205.043132053,2001,1977
"Aedes aegypti","BRN",2008,"Damage_costs",NA,"Aedes","2215",669205.043132053,2001,1977
"Aedes aegypti","BRN",2007,"Damage_costs",NA,"Aedes","2215",669205.043132053,2001,1977
"Aedes aegypti","BRN",2005,"Damage_costs",NA,"Aedes","2215",669205.043132053,2001,1977
"Aedes aegypti","BRN",2003,"Damage_costs",NA,"Aedes","2215",669205.043132053,2001,1977
"Aedes aegypti","BRN",2002,"Damage_costs",NA,"Aedes","2215",669205.043132053,2001,1977
"Aedes aegypti","BTN",2008,"Damage_costs",NA,"Aedes","2214",310401.710257792,2001,1977
"Aedes aegypti","BTN",2007,"Damage_costs",NA,"Aedes","2214",310401.710257792,2001,1977
"Aedes aegypti","BTN",2006,"Damage_costs",NA,"Aedes","2214",310401.710257792,2001,1977
"Aedes aegypti","BTN",2010,"Damage_costs",NA,"Aedes","2214",310401.710257792,2001,1977
"Aedes aegypti","BTN",2001,"Damage_costs",NA,"Aedes","2214",310401.710257792,2001,1977
"Aedes aegypti","BTN",2005,"Damage_costs",NA,"Aedes","2214",310401.710257792,2001,1977
"Aedes aegypti","BTN",2002,"Damage_costs",NA,"Aedes","2214",310401.710257792,2001,1977
"Aedes aegypti","BTN",2009,"Damage_costs",NA,"Aedes","2214",310401.710257792,2001,1977
"Aedes aegypti","BTN",2003,"Damage_costs",NA,"Aedes","2214",310401.710257792,2001,1977
"Aedes aegypti","BTN",2004,"Damage_costs",NA,"Aedes","2214",310401.710257792,2001,1977
"Aedes aegypti","CAN",2007,"Damage_costs",NA,"Aedes","2285",693753.521315354,2000,1977
"Aedes aegypti","CAN",2005,"Damage_costs",NA,"Aedes","2285",693753.521315354,2000,1977
"Aedes aegypti","CAN",2000,"Damage_costs",NA,"Aedes","2285",693753.521315354,2000,1977
"Aedes aegypti","CAN",2003,"Damage_costs",NA,"Aedes","2285",693753.521315354,2000,1977
"Aedes aegypti","CAN",2004,"Damage_costs",NA,"Aedes","2285",693753.521315354,2000,1977
"Aedes aegypti","CAN",2001,"Damage_costs",NA,"Aedes","2285",693753.521315354,2000,1977
"Aedes aegypti","CAN",2002,"Damage_costs",NA,"Aedes","2285",693753.521315354,2000,1977
"Aedes aegypti","CAN",2006,"Damage_costs",NA,"Aedes","2285",693753.521315354,2000,1977
"Aedes aegypti","CHL",2007,"Damage_costs",NA,"Aedes","2289",7067815.98882335,1995,1977
"Aedes aegypti","CHL",2004,"Damage_costs",NA,"Aedes","2289",7067815.98882335,1995,1977
"Aedes aegypti","CHL",2000,"Damage_costs",NA,"Aedes","2289",7067815.98882335,1995,1977
"Aedes aegypti","CHL",2001,"Damage_costs",NA,"Aedes","2289",7067815.98882335,1995,1977
"Aedes aegypti","CHL",2005,"Damage_costs",NA,"Aedes","2289",7067815.98882335,1995,1977
"Aedes aegypti","CHL",2003,"Damage_costs",NA,"Aedes","2289",7067815.98882335,1995,1977
"Aedes aegypti","CHL",2006,"Damage_costs",NA,"Aedes","2289",7067815.98882335,1995,1977
"Aedes aegypti","CHL",2002,"Damage_costs",NA,"Aedes","2289",7067815.98882335,1995,1977
"Aedes aegypti","CHN",2007,"Damage_costs",NA,"Aedes","2394",489020.414020624,1998,1977
"Aedes aegypti","CHN",2012,"Damage_costs",NA,"Aedes","2394",489020.414020624,1998,1977
"Aedes aegypti","CHN",2000,"Damage_costs",NA,"Aedes","2394",489020.414020624,1998,1977
"Aedes aegypti","CHN",2006,"Damage_costs",NA,"Aedes","2394",489020.414020624,1998,1977
"Aedes aegypti","CHN",2009,"Damage_costs",NA,"Aedes","2394",489020.414020624,1998,1977
"Aedes aegypti","CHN",2003,"Damage_costs",NA,"Aedes","2394",489020.414020624,1998,1977
"Aedes aegypti","CHN",2008,"Damage_costs",NA,"Aedes","2394",489020.414020624,1998,1977
"Aedes aegypti","CHN",2014,"Damage_costs",NA,"Aedes","2394",489020.414020624,1998,1977
"Aedes aegypti","CHN",1999,"Damage_costs",NA,"Aedes","2394",489020.414020624,1998,1977
"Aedes aegypti","CHN",1998,"Damage_costs",NA,"Aedes","2394",489020.414020624,1998,1977
"Aedes aegypti","CHN",2013,"Damage_costs",NA,"Aedes","2394",489020.414020624,1998,1977
"Aedes aegypti","CHN",2001,"Damage_costs",NA,"Aedes","2394",489020.414020624,1998,1977
"Aedes aegypti","CHN",2004,"Damage_costs",NA,"Aedes","2394",489020.414020624,1998,1977
"Aedes aegypti","CHN",2002,"Damage_costs",NA,"Aedes","2394",489020.414020624,1998,1977
"Aedes aegypti","CHN",2005,"Damage_costs",NA,"Aedes","2394",489020.414020624,1998,1977
"Aedes aegypti","CHN",2011,"Damage_costs",NA,"Aedes","2394",489020.414020624,1998,1977
"Aedes aegypti","CHN",2010,"Damage_costs",NA,"Aedes","2394",489020.414020624,1998,1977
"Aedes aegypti","CUB",1981,"Damage_costs",NA,"Aedes","2414",51221029.2365505,1981,1977
"Aedes aegypti","CUB",1981,"Damage_costs",NA,"Aedes","2413",110529589.405188,1981,1977
"Aedes aegypti","ECU",2005,"Damage_costs",NA,"Aedes","2303",65747113.8342653,1995,1977
"Aedes aegypti","ECU",2007,"Damage_costs",NA,"Aedes","2303",65747113.8342653,1995,1977
"Aedes aegypti","ECU",2001,"Damage_costs",NA,"Aedes","2303",65747113.8342653,1995,1977
"Aedes aegypti","ECU",2002,"Damage_costs",NA,"Aedes","2303",65747113.8342653,1995,1977
"Aedes aegypti","ECU",2003,"Damage_costs",NA,"Aedes","2303",65747113.8342653,1995,1977
"Aedes aegypti","ECU",2006,"Damage_costs",NA,"Aedes","2303",65747113.8342653,1995,1977
"Aedes aegypti","ECU",2004,"Damage_costs",NA,"Aedes","2303",65747113.8342653,1995,1977
"Aedes aegypti","ECU",2000,"Damage_costs",NA,"Aedes","2303",65747113.8342653,1995,1977
"Aedes aegypti","FRA",2000,"Damage_costs",NA,"Aedes","2265",2218846.14329975,2000,1977
"Aedes aegypti","FRA",2005,"Damage_costs",NA,"Aedes","2265",2218846.14329975,2000,1977
"Aedes aegypti","FRA",2003,"Damage_costs",NA,"Aedes","2265",2218846.14329975,2000,1977
"Aedes aegypti","FRA",2007,"Damage_costs",NA,"Aedes","2265",2218846.14329975,2000,1977
"Aedes aegypti","FRA",2014,"Damage_costs",NA,"Aedes","2263",6055373.43423932,2000,1977
"Aedes aegypti","FRA",2004,"Damage_costs",NA,"Aedes","2265",2218846.14329975,2000,1977
"Aedes aegypti","FRA",2006,"Damage_costs",NA,"Aedes","2265",2218846.14329975,2000,1977
"Aedes aegypti","FRA",2014,"Damage_costs",NA,"Aedes","2264",3556330.42963262,2000,1977
"Aedes aegypti","FRA",2013,"Damage_costs",NA,"Aedes","2417",5951553.04809661,2000,1977
"Aedes aegypti","FRA",2002,"Damage_costs",NA,"Aedes","2265",2218846.14329975,2000,1977
"Aedes aegypti","FRA",2001,"Damage_costs",NA,"Aedes","2265",2218846.14329975,2000,1977
"Aedes aegypti","FRA",2013,"Damage_costs",NA,"Aedes","2416",9285930.7689397,2000,1977
"Aedes aegypti","GTM",2003,"Damage_costs",NA,"Aedes","2307",38016876.2719143,1995,1977
"Aedes aegypti","GTM",2002,"Damage_costs",NA,"Aedes","2307",38016876.2719143,1995,1977
"Aedes aegypti","GTM",2004,"Damage_costs",NA,"Aedes","2307",38016876.2719143,1995,1977
"Aedes aegypti","GTM",2001,"Damage_costs",NA,"Aedes","2307",38016876.2719143,1995,1977
"Aedes aegypti","GTM",2000,"Damage_costs",NA,"Aedes","2307",38016876.2719143,1995,1977
"Aedes aegypti","GTM",2007,"Damage_costs",NA,"Aedes","2307",38016876.2719143,1995,1977
"Aedes aegypti","GTM",2005,"Damage_costs",NA,"Aedes","2307",38016876.2719143,1995,1977
"Aedes aegypti","GTM",2006,"Damage_costs",NA,"Aedes","2307",38016876.2719143,1995,1977
"Aedes aegypti","IDN",2010,"Damage_costs",NA,"Aedes","2226",340035077.600131,2001,1977
"Aedes aegypti","IDN",2011,"Damage_costs",NA,"Aedes","2399",3236453.54114262,2001,1977
"Aedes aegypti","IDN",2005,"Damage_costs",NA,"Aedes","2226",340035077.600131,2001,1977
"Aedes aegypti","IDN",2008,"Damage_costs",NA,"Aedes","2226",340035077.600131,2001,1977
"Aedes aegypti","IDN",2003,"Damage_costs",NA,"Aedes","2226",340035077.600131,2001,1977
"Aedes aegypti","IDN",2006,"Damage_costs",NA,"Aedes","2226",340035077.600131,2001,1977
"Aedes aegypti","IDN",2001,"Damage_costs",NA,"Aedes","2226",340035077.600131,2001,1977
"Aedes aegypti","IDN",2004,"Damage_costs",NA,"Aedes","2226",340035077.600131,2001,1977
"Aedes aegypti","IDN",2002,"Damage_costs",NA,"Aedes","2226",340035077.600131,2001,1977
"Aedes aegypti","IDN",2011,"Damage_costs",NA,"Aedes","2227",1766073.85279169,2001,1977
"Aedes aegypti","IDN",2007,"Damage_costs",NA,"Aedes","2226",340035077.600131,2001,1977
"Aedes aegypti","IDN",2009,"Damage_costs",NA,"Aedes","2226",340035077.600131,2001,1977
"Aedes aegypti","IND",2007,"Damage_costs",NA,"Aedes","2363",571547693.388632,2003,1977
"Aedes aegypti","IND",2005,"Damage_costs",NA,"Aedes","2221",4774381.86400333,2003,1977
"Aedes aegypti","IND",2006,"Damage_costs",NA,"Aedes","2219",3282987.26799224,2003,1977
"Aedes aegypti","IND",2006,"Damage_costs",NA,"Aedes","2222",13939033.1054862,2003,1977
"Aedes aegypti","IND",2009,"Damage_costs",NA,"Aedes","2363",571547693.388632,2003,1977
"Aedes aegypti","IND",2010,"Damage_costs",NA,"Aedes","2224",567406043.43654,2003,1977
"Aedes aegypti","IND",2005,"Damage_costs",NA,"Aedes","2220",87404622.3516994,2003,1977
"Aedes aegypti","IND",2006,"Damage_costs",NA,"Aedes","2220",87404622.3516994,2003,1977
"Aedes aegypti","IND",2006,"Damage_costs",NA,"Aedes","2221",4774381.86400333,2003,1977
"Aedes aegypti","IND",2007,"Damage_costs",NA,"Aedes","2225",15368561.023653,2003,1977
"Aedes aegypti","IND",2009,"Damage_costs",NA,"Aedes","2224",567406043.43654,2003,1977
"Aedes aegypti","IND",2003,"Damage_costs",NA,"Aedes","2221",4774381.86400333,2003,1977
"Aedes aegypti","IND",2004,"Damage_costs",NA,"Aedes","2220",87404622.3516994,2003,1977
"Aedes aegypti","IND",2006,"Damage_costs",NA,"Aedes","2224",567406043.43654,2003,1977
"Aedes aegypti","IND",2004,"Damage_costs",NA,"Aedes","2221",4774381.86400333,2003,1977
"Aedes aegypti","IND",2007,"Damage_costs",NA,"Aedes","2221",4774381.86400333,2003,1977
"Aedes aegypti","IND",2006,"Damage_costs",NA,"Aedes","2363",571547693.388632,2003,1977
"Aedes aegypti","IND",2011,"Damage_costs",NA,"Aedes","2363",571547693.388632,2003,1977
"Aedes aegypti","IND",2007,"Damage_costs",NA,"Aedes","2224",567406043.43654,2003,1977
"Aedes aegypti","IND",2012,"Damage_costs",NA,"Aedes","2363",571547693.388632,2003,1977
"Aedes aegypti","IND",2008,"Damage_costs",NA,"Aedes","2363",571547693.388632,2003,1977
"Aedes aegypti","IND",2007,"Damage_costs",NA,"Aedes","2220",87404622.3516994,2003,1977
"Aedes aegypti","IND",2010,"Damage_costs",NA,"Aedes","2363",571547693.388632,2003,1977
"Aedes aegypti","IND",2008,"Damage_costs",NA,"Aedes","2220",87404622.3516994,2003,1977
"Aedes aegypti","IND",2003,"Damage_costs",NA,"Aedes","2220",87404622.3516994,2003,1977
"Aedes aegypti","IND",2012,"Damage_costs",NA,"Aedes","2224",567406043.43654,2003,1977
"Aedes aegypti","IND",2008,"Damage_costs",NA,"Aedes","2224",567406043.43654,2003,1977
"Aedes aegypti","IND",2008,"Damage_costs",NA,"Aedes","2221",4774381.86400333,2003,1977
"Aedes aegypti","IND",2011,"Damage_costs",NA,"Aedes","2224",567406043.43654,2003,1977
"Aedes aegypti","KHM",2006,"Damage_costs",NA,"Aedes","2216",17403539.9581826,2001,1977
"Aedes aegypti","KHM",2008,"Damage_costs",NA,"Aedes","2396",3684700.21688287,2001,1977
"Aedes aegypti","KHM",2005,"Damage_costs",NA,"Aedes","2216",17403539.9581826,2001,1977
"Aedes aegypti","KHM",2008,"Damage_costs",NA,"Aedes","2397",4569258.89248572,2001,1977
"Aedes aegypti","KHM",2008,"Damage_costs",NA,"Aedes","2216",17403539.9581826,2001,1977
"Aedes aegypti","KHM",2007,"Damage_costs",NA,"Aedes","2396",3684700.21688287,2001,1977
"Aedes aegypti","KHM",2007,"Damage_costs",NA,"Aedes","2216",17403539.9581826,2001,1977
"Aedes aegypti","KHM",2003,"Damage_costs",NA,"Aedes","2216",17403539.9581826,2001,1977
"Aedes aegypti","KHM",2002,"Damage_costs",NA,"Aedes","2216",17403539.9581826,2001,1977
"Aedes aegypti","KHM",2004,"Damage_costs",NA,"Aedes","2216",17403539.9581826,2001,1977
"Aedes aegypti","KHM",2001,"Damage_costs",NA,"Aedes","2216",17403539.9581826,2001,1977
"Aedes aegypti","KHM",2001,"Damage_costs",NA,"Aedes","2218",428562.428134414,2001,1977
"Aedes aegypti","KHM",2006,"Damage_costs",NA,"Aedes","2397",4569258.89248572,2001,1977
"Aedes aegypti","KHM",2007,"Damage_costs",NA,"Aedes","2397",4569258.89248572,2001,1977
"Aedes aegypti","KHM",2006,"Damage_costs",NA,"Aedes","2396",3684700.21688287,2001,1977
"Aedes aegypti","KHM",2009,"Damage_costs",NA,"Aedes","2216",17403539.9581826,2001,1977
"Aedes aegypti","KHM",2010,"Damage_costs",NA,"Aedes","2216",17403539.9581826,2001,1977
"Aedes aegypti","LAO",2004,"Damage_costs",NA,"Aedes","2230",5358901.39099299,2001,1977
"Aedes aegypti","LAO",2005,"Damage_costs",NA,"Aedes","2230",5358901.39099299,2001,1977
"Aedes aegypti","LAO",2002,"Damage_costs",NA,"Aedes","2230",5358901.39099299,2001,1977
"Aedes aegypti","LAO",2001,"Damage_costs",NA,"Aedes","2230",5358901.39099299,2001,1977
"Aedes aegypti","LAO",2006,"Damage_costs",NA,"Aedes","2230",5358901.39099299,2001,1977
"Aedes aegypti","LAO",2003,"Damage_costs",NA,"Aedes","2230",5358901.39099299,2001,1977
"Aedes aegypti","LAO",2008,"Damage_costs",NA,"Aedes","2230",5358901.39099299,2001,1977
"Aedes aegypti","LAO",2007,"Damage_costs",NA,"Aedes","2230",5358901.39099299,2001,1977
"Aedes aegypti","LAO",2009,"Damage_costs",NA,"Aedes","2230",5358901.39099299,2001,1977
"Aedes aegypti","LAO",2010,"Damage_costs",NA,"Aedes","2230",5358901.39099299,2001,1977
"Aedes aegypti","MEX",2011,"Damage_costs",NA,"Aedes","2392",24128263.7787661,2008,1977
"Aedes aegypti","MMR",2005,"Damage_costs",NA,"Aedes","2235",15231780.1955654,2001,1977
"Aedes aegypti","MMR",2002,"Damage_costs",NA,"Aedes","2235",15231780.1955654,2001,1977
"Aedes aegypti","MMR",2001,"Damage_costs",NA,"Aedes","2235",15231780.1955654,2001,1977
"Aedes aegypti","MMR",2004,"Damage_costs",NA,"Aedes","2235",15231780.1955654,2001,1977
"Aedes aegypti","MMR",2006,"Damage_costs",NA,"Aedes","2235",15231780.1955654,2001,1977
"Aedes aegypti","MMR",2007,"Damage_costs",NA,"Aedes","2235",15231780.1955654,2001,1977
"Aedes aegypti","MMR",2003,"Damage_costs",NA,"Aedes","2235",15231780.1955654,2001,1977
"Aedes aegypti","MMR",2009,"Damage_costs",NA,"Aedes","2235",15231780.1955654,2001,1977
"Aedes aegypti","MMR",2010,"Damage_costs",NA,"Aedes","2235",15231780.1955654,2001,1977
"Aedes aegypti","MMR",2008,"Damage_costs",NA,"Aedes","2235",15231780.1955654,2001,1977
"Aedes aegypti","MYS",2004,"Damage_costs",NA,"Aedes","2232",134654366.328205,2001,1977
"Aedes aegypti","MYS",2005,"Damage_costs",NA,"Aedes","2231",149507371.21207,2001,1977
"Aedes aegypti","MYS",2002,"Damage_costs",NA,"Aedes","2232",134654366.328205,2001,1977
"Aedes aegypti","MYS",2004,"Damage_costs",NA,"Aedes","2231",149507371.21207,2001,1977
"Aedes aegypti","MYS",2006,"Damage_costs",NA,"Aedes","2232",134654366.328205,2001,1977
"Aedes aegypti","MYS",2001,"Damage_costs",NA,"Aedes","2232",134654366.328205,2001,1977
"Aedes aegypti","MYS",2003,"Damage_costs",NA,"Aedes","2231",149507371.21207,2001,1977
"Aedes aegypti","MYS",2005,"Damage_costs",NA,"Aedes","2232",134654366.328205,2001,1977
"Aedes aegypti","MYS",2002,"Damage_costs",NA,"Aedes","2231",149507371.21207,2001,1977
"Aedes aegypti","MYS",2007,"Damage_costs",NA,"Aedes","2232",134654366.328205,2001,1977
"Aedes aegypti","MYS",2009,"Damage_costs",NA,"Aedes","2371",59605352.511881,2001,1977
"Aedes aegypti","MYS",2008,"Damage_costs",NA,"Aedes","2232",134654366.328205,2001,1977
"Aedes aegypti","MYS",2003,"Damage_costs",NA,"Aedes","2232",134654366.328205,2001,1977
"Aedes aegypti","MYS",2007,"Damage_costs",NA,"Aedes","2231",149507371.21207,2001,1977
"Aedes aegypti","MYS",2009,"Damage_costs",NA,"Aedes","2232",134654366.328205,2001,1977
"Aedes aegypti","MYS",2010,"Damage_costs",NA,"Aedes","2232",134654366.328205,2001,1977
"Aedes aegypti","MYS",2006,"Damage_costs",NA,"Aedes","2231",149507371.21207,2001,1977
"Aedes aegypti","PER",2007,"Damage_costs",NA,"Aedes","2324",132916340.065661,1995,1977
"Aedes aegypti","PER",2000,"Damage_costs",NA,"Aedes","2324",132916340.065661,1995,1977
"Aedes aegypti","PER",2005,"Damage_costs",NA,"Aedes","2324",132916340.065661,1995,1977
"Aedes aegypti","PER",2004,"Damage_costs",NA,"Aedes","2324",132916340.065661,1995,1977
"Aedes aegypti","PER",2013,"Damage_costs",NA,"Aedes","2323",230687.554170826,1995,1977
"Aedes aegypti","PER",2002,"Damage_costs",NA,"Aedes","2324",132916340.065661,1995,1977
"Aedes aegypti","PER",2003,"Damage_costs",NA,"Aedes","2324",132916340.065661,1995,1977
"Aedes aegypti","PER",2011,"Damage_costs",NA,"Aedes","2403",1716301.1203029,1995,1977
"Aedes aegypti","PER",2001,"Damage_costs",NA,"Aedes","2324",132916340.065661,1995,1977
"Aedes aegypti","PER",2006,"Damage_costs",NA,"Aedes","2324",132916340.065661,1995,1977
"Aedes aegypti","PER",2011,"Damage_costs",NA,"Aedes","2325",2108598.51922928,1995,1977
"Aedes aegypti","PHL",2011,"Damage_costs",NA,"Aedes","2368",2348992.53008418,2001,1977
"Aedes aegypti","PHL",2012,"Damage_costs",NA,"Aedes","2236",71358810.7604102,2001,1977
"Aedes aegypti","PHL",2011,"Damage_costs",NA,"Aedes","2236",71358810.7604102,2001,1977
"Aedes aegypti","PHL",2012,"Damage_costs",NA,"Aedes","2368",2348992.53008418,2001,1977
"Aedes aegypti","PHL",2006,"Damage_costs",NA,"Aedes","2237",85049016.4014476,2001,1977
"Aedes aegypti","PHL",2008,"Damage_costs",NA,"Aedes","2237",85049016.4014476,2001,1977
"Aedes aegypti","PHL",2007,"Damage_costs",NA,"Aedes","2237",85049016.4014476,2001,1977
"Aedes aegypti","PHL",2013,"Damage_costs",NA,"Aedes","2368",2348992.53008418,2001,1977
"Aedes aegypti","PHL",2002,"Damage_costs",NA,"Aedes","2237",85049016.4014476,2001,1977
"Aedes aegypti","PHL",2009,"Damage_costs",NA,"Aedes","2368",2348992.53008418,2001,1977
"Aedes aegypti","PHL",2003,"Damage_costs",NA,"Aedes","2237",85049016.4014476,2001,1977
"Aedes aegypti","PHL",2014,"Damage_costs",NA,"Aedes","2368",2348992.53008418,2001,1977
"Aedes aegypti","PHL",2009,"Damage_costs",NA,"Aedes","2237",85049016.4014476,2001,1977
"Aedes aegypti","PHL",2004,"Damage_costs",NA,"Aedes","2237",85049016.4014476,2001,1977
"Aedes aegypti","PHL",2001,"Damage_costs",NA,"Aedes","2237",85049016.4014476,2001,1977
"Aedes aegypti","PHL",2010,"Damage_costs",NA,"Aedes","2236",71358810.7604102,2001,1977
"Aedes aegypti","PHL",2010,"Damage_costs",NA,"Aedes","2368",2348992.53008418,2001,1977
"Aedes aegypti","PHL",2005,"Damage_costs",NA,"Aedes","2237",85049016.4014476,2001,1977
"Aedes aegypti","PHL",2008,"Damage_costs",NA,"Aedes","2236",71358810.7604102,2001,1977
"Aedes aegypti","PHL",2009,"Damage_costs",NA,"Aedes","2236",71358810.7604102,2001,1977
"Aedes aegypti","PHL",2010,"Damage_costs",NA,"Aedes","2237",85049016.4014476,2001,1977
"Aedes aegypti","PRY",2000,"Damage_costs",NA,"Aedes","2321",2522877.38073318,1995,1977
"Aedes aegypti","PRY",2003,"Damage_costs",NA,"Aedes","2321",2522877.38073318,1995,1977
"Aedes aegypti","PRY",2005,"Damage_costs",NA,"Aedes","2321",2522877.38073318,1995,1977
"Aedes aegypti","PRY",2007,"Damage_costs",NA,"Aedes","2321",2522877.38073318,1995,1977
"Aedes aegypti","PRY",2015,"Damage_costs",NA,"Aedes","NE3040",2975643.17066436,1995,1977
"Aedes aegypti","PRY",2004,"Damage_costs",NA,"Aedes","2321",2522877.38073318,1995,1977
"Aedes aegypti","PRY",2001,"Damage_costs",NA,"Aedes","2321",2522877.38073318,1995,1977
"Aedes aegypti","PRY",2002,"Damage_costs",NA,"Aedes","2321",2522877.38073318,1995,1977
"Aedes aegypti","PRY",2006,"Damage_costs",NA,"Aedes","2321",2522877.38073318,1995,1977
"Aedes aegypti","SGP",2009,"Damage_costs",NA,"Aedes","2238",41736084.3857785,2000,1977
"Aedes aegypti","SGP",2008,"Damage_costs",NA,"Aedes","2239",70592714.376933,2000,1977
"Aedes aegypti","SGP",2002,"Damage_costs",NA,"Aedes","2238",41736084.3857785,2000,1977
"Aedes aegypti","SGP",2000,"Damage_costs",NA,"Aedes","2238",41736084.3857785,2000,1977
"Aedes aegypti","SGP",2001,"Damage_costs",NA,"Aedes","2238",41736084.3857785,2000,1977
"Aedes aegypti","SGP",2002,"Damage_costs",NA,"Aedes","2239",70592714.376933,2000,1977
"Aedes aegypti","SGP",2004,"Damage_costs",NA,"Aedes","2239",70592714.376933,2000,1977
"Aedes aegypti","SGP",2009,"Damage_costs",NA,"Aedes","2239",70592714.376933,2000,1977
"Aedes aegypti","SGP",2008,"Damage_costs",NA,"Aedes","2238",41736084.3857785,2000,1977
"Aedes aegypti","SGP",2005,"Damage_costs",NA,"Aedes","2240",16211264.1480659,2000,1977
"Aedes aegypti","SGP",2005,"Damage_costs",NA,"Aedes","2239",70592714.376933,2000,1977
"Aedes aegypti","SGP",2001,"Damage_costs",NA,"Aedes","2239",70592714.376933,2000,1977
"Aedes aegypti","SGP",2006,"Damage_costs",NA,"Aedes","2238",41736084.3857785,2000,1977
"Aedes aegypti","SGP",2010,"Damage_costs",NA,"Aedes","2239",70592714.376933,2000,1977
"Aedes aegypti","SGP",2005,"Damage_costs",NA,"Aedes","2238",41736084.3857785,2000,1977
"Aedes aegypti","SGP",2003,"Damage_costs",NA,"Aedes","2238",41736084.3857785,2000,1977
"Aedes aegypti","SGP",2004,"Damage_costs",NA,"Aedes","2238",41736084.3857785,2000,1977
"Aedes aegypti","SGP",2007,"Damage_costs",NA,"Aedes","2238",41736084.3857785,2000,1977
"Aedes aegypti","SGP",2003,"Damage_costs",NA,"Aedes","2239",70592714.376933,2000,1977
"Aedes aegypti","SGP",2006,"Damage_costs",NA,"Aedes","2239",70592714.376933,2000,1977
"Aedes aegypti","SGP",2007,"Damage_costs",NA,"Aedes","2239",70592714.376933,2000,1977
"Aedes aegypti","SUR",2001,"Damage_costs",NA,"Aedes","2328",1461965.26330133,2000,1977
"Aedes aegypti","SUR",2003,"Damage_costs",NA,"Aedes","2328",1461965.26330133,2000,1977
"Aedes aegypti","SUR",2002,"Damage_costs",NA,"Aedes","2328",1461965.26330133,2000,1977
"Aedes aegypti","SUR",2004,"Damage_costs",NA,"Aedes","2328",1461965.26330133,2000,1977
"Aedes aegypti","SUR",2007,"Damage_costs",NA,"Aedes","2328",1461965.26330133,2000,1977
"Aedes aegypti","SUR",2000,"Damage_costs",NA,"Aedes","2328",1461965.26330133,2000,1977
"Aedes aegypti","SUR",2005,"Damage_costs",NA,"Aedes","2328",1461965.26330133,2000,1977
"Aedes aegypti","SUR",2006,"Damage_costs",NA,"Aedes","2328",1461965.26330133,2000,1977
"Aedes aegypti","THA",2002,"Damage_costs",NA,"Aedes","2241",1290.95912598685,1981,1977
"Aedes aegypti","THA",1994,"Damage_costs",NA,"Aedes","2245",12772512.1526958,1981,1977
"Aedes aegypti","THA",2003,"Damage_costs",NA,"Aedes","2246",305170126.178464,1981,1977
"Aedes aegypti","THA",2000,"Damage_costs",NA,"Aedes","2244",151755602.358116,1981,1977
"Aedes aegypti","THA",2002,"Damage_costs",NA,"Aedes","2244",151755602.358116,1981,1977
"Aedes aegypti","THA",1998,"Damage_costs",NA,"Aedes","2241",1290.95912598685,1981,1977
"Aedes aegypti","THA",2003,"Damage_costs",NA,"Aedes","2244",151755602.358116,1981,1977
"Aedes aegypti","THA",2004,"Damage_costs",NA,"Aedes","2395",127879387.587106,1981,1977
"Aedes aegypti","THA",1999,"Damage_costs",NA,"Aedes","2241",1290.95912598685,1981,1977
"Aedes aegypti","THA",1981,"Damage_costs",NA,"Aedes","2243",19170339.3416929,1981,1977
"Aedes aegypti","THA",2001,"Damage_costs",NA,"Aedes","2395",127879387.587106,1981,1977
"Aedes aegypti","THA",2000,"Damage_costs",NA,"Aedes","2241",1290.95912598685,1981,1977
"Aedes aegypti","THA",2007,"Damage_costs",NA,"Aedes","2246",305170126.178464,1981,1977
"Aedes aegypti","THA",2005,"Damage_costs",NA,"Aedes","2395",127879387.587106,1981,1977
"Aedes aegypti","THA",2001,"Damage_costs",NA,"Aedes","2241",1290.95912598685,1981,1977
"Aedes aegypti","THA",2009,"Damage_costs",NA,"Aedes","2246",305170126.178464,1981,1977
"Aedes aegypti","THA",2002,"Damage_costs",NA,"Aedes","2246",305170126.178464,1981,1977
"Aedes aegypti","THA",2001,"Damage_costs",NA,"Aedes","2246",305170126.178464,1981,1977
"Aedes aegypti","THA",2004,"Damage_costs",NA,"Aedes","2244",151755602.358116,1981,1977
"Aedes aegypti","THA",2004,"Damage_costs",NA,"Aedes","2246",305170126.178464,1981,1977
"Aedes aegypti","THA",2005,"Damage_costs",NA,"Aedes","2246",305170126.178464,1981,1977
"Aedes aegypti","THA",2008,"Damage_costs",NA,"Aedes","2246",305170126.178464,1981,1977
"Aedes aegypti","THA",2002,"Damage_costs",NA,"Aedes","2395",127879387.587106,1981,1977
"Aedes aegypti","THA",2006,"Damage_costs",NA,"Aedes","2246",305170126.178464,1981,1977
"Aedes aegypti","THA",2001,"Damage_costs",NA,"Aedes","2244",151755602.358116,1981,1977
"Aedes aegypti","THA",2010,"Damage_costs",NA,"Aedes","2246",305170126.178464,1981,1977
"Aedes aegypti","THA",2003,"Damage_costs",NA,"Aedes","2395",127879387.587106,1981,1977
"Aedes aegypti","THA",2005,"Damage_costs",NA,"Aedes","2244",151755602.358116,1981,1977
"Aedes aegypti","TLS",2004,"Damage_costs",NA,"Aedes","2248",381951.934995181,2001,1977
"Aedes aegypti","TLS",2010,"Damage_costs",NA,"Aedes","2248",381951.934995181,2001,1977
"Aedes aegypti","TLS",2009,"Damage_costs",NA,"Aedes","2248",381951.934995181,2001,1977
"Aedes aegypti","TLS",2003,"Damage_costs",NA,"Aedes","2248",381951.934995181,2001,1977
"Aedes aegypti","TLS",2001,"Damage_costs",NA,"Aedes","2248",381951.934995181,2001,1977
"Aedes aegypti","TLS",2006,"Damage_costs",NA,"Aedes","2248",381951.934995181,2001,1977
"Aedes aegypti","TLS",2005,"Damage_costs",NA,"Aedes","2248",381951.934995181,2001,1977
"Aedes aegypti","TLS",2007,"Damage_costs",NA,"Aedes","2248",381951.934995181,2001,1977
"Aedes aegypti","TLS",2008,"Damage_costs",NA,"Aedes","2248",381951.934995181,2001,1977
"Aedes aegypti","TLS",2002,"Damage_costs",NA,"Aedes","2248",381951.934995181,2001,1977
"Aedes aegypti","URY",2004,"Damage_costs",NA,"Aedes","2330",1486796.52946905,1995,1977
"Aedes aegypti","URY",2005,"Damage_costs",NA,"Aedes","2330",1486796.52946905,1995,1977
"Aedes aegypti","URY",2000,"Damage_costs",NA,"Aedes","2330",1486796.52946905,1995,1977
"Aedes aegypti","URY",2007,"Damage_costs",NA,"Aedes","2330",1486796.52946905,1995,1977
"Aedes aegypti","URY",2006,"Damage_costs",NA,"Aedes","2330",1486796.52946905,1995,1977
"Aedes aegypti","URY",2001,"Damage_costs",NA,"Aedes","2330",1486796.52946905,1995,1977
"Aedes aegypti","URY",2002,"Damage_costs",NA,"Aedes","2330",1486796.52946905,1995,1977
"Aedes aegypti","URY",2003,"Damage_costs",NA,"Aedes","2330",1486796.52946905,1995,1977
"Aedes aegypti","USA",1977,"Damage_costs",NA,"Aedes","2327",29413492.60385,1977,1977
"Aedes aegypti","USA",1977,"Damage_costs",NA,"Aedes","2408",9301939.36477387,1977,1977
"Aedes aegypti","USA",2008,"Damage_costs",NA,"Aedes","2326",20573081.5494169,1977,1977
"Aedes aegypti","USA",2008,"Damage_costs",NA,"Aedes","2409",20786606.0076361,1977,1977
"Aedes aegypti","USA",2003,"Damage_costs",NA,"Aedes","2326",20573081.5494169,1977,1977
"Aedes aegypti","USA",2003,"Damage_costs",NA,"Aedes","2409",20786606.0076361,1977,1977
"Aedes aegypti","USA",2005,"Damage_costs",NA,"Aedes","2326",20573081.5494169,1977,1977
"Aedes aegypti","USA",2005,"Damage_costs",NA,"Aedes","2409",20786606.0076361,1977,1977
"Aedes aegypti","USA",1990,"Damage_costs",NA,"Aedes","2256",12194.2263537216,1977,1977
"Aedes aegypti","USA",2007,"Damage_costs",NA,"Aedes","2409",20786606.0076361,1977,1977
"Aedes aegypti","USA",2006,"Damage_costs",NA,"Aedes","2409",20786606.0076361,1977,1977
"Aedes aegypti","USA",2009,"Damage_costs",NA,"Aedes","2326",20573081.5494169,1977,1977
"Aedes aegypti","USA",2010,"Damage_costs",NA,"Aedes","2409",20786606.0076361,1977,1977
"Aedes aegypti","USA",2009,"Damage_costs",NA,"Aedes","2409",20786606.0076361,1977,1977
"Aedes aegypti","USA",2004,"Damage_costs",NA,"Aedes","2326",20573081.5494169,1977,1977
"Aedes aegypti","USA",2007,"Damage_costs",NA,"Aedes","2326",20573081.5494169,1977,1977
"Aedes aegypti","USA",2002,"Damage_costs",NA,"Aedes","2409",20786606.0076361,1977,1977
"Aedes aegypti","USA",2006,"Damage_costs",NA,"Aedes","2326",20573081.5494169,1977,1977
"Aedes aegypti","USA",2002,"Damage_costs",NA,"Aedes","2326",20573081.5494169,1977,1977
"Aedes aegypti","USA",2004,"Damage_costs",NA,"Aedes","2409",20786606.0076361,1977,1977
"Aedes aegypti","USA",2016,"Damage_costs",NA,"Aedes","2364",262043559.095968,1977,1977
"Aedes aegypti","USA",2010,"Damage_costs",NA,"Aedes","2326",20573081.5494169,1977,1977
"Aedes aegypti","VEN",1997,"Damage_costs",NA,"Aedes","NE3044",6430216.35398715,1997,1977
"Aedes aegypti","VEN",1998,"Damage_costs",NA,"Aedes","NE3045",103399.387432647,1997,1977
"Aedes aegypti","VEN",2003,"Damage_costs",NA,"Aedes","NE3057",39056.0341492867,1997,1977
"Aedes aegypti","VEN",1997,"Damage_costs",NA,"Aedes","NE3051",100746.057582806,1997,1977
"Aedes aegypti","VEN",2000,"Damage_costs",NA,"Aedes","NE3054",134861.406918361,1997,1977
"Aedes aegypti","VEN",1998,"Damage_costs",NA,"Aedes","NE3052",147762.335360539,1997,1977
"Aedes aegypti","VEN",2002,"Damage_costs",NA,"Aedes","NE3049",137843.397987028,1997,1977
"Aedes aegypti","VEN",1999,"Damage_costs",NA,"Aedes","NE3046",165939.961444795,1997,1977
"Aedes aegypti","VEN",2002,"Damage_costs",NA,"Aedes","NE3056",242244.267594951,1997,1977
"Aedes aegypti","VEN",2000,"Damage_costs",NA,"Aedes","NE3047",57507.8726981709,1997,1977
"Aedes aegypti","VEN",2001,"Damage_costs",NA,"Aedes","NE3055",325922.294173571,1997,1977
"Aedes aegypti","VEN",2003,"Damage_costs",NA,"Aedes","NE3050",24642.4963093999,1997,1977
"Aedes aegypti","VEN",1999,"Damage_costs",NA,"Aedes","NE3053",253594.076972986,1997,1977
"Aedes aegypti","VEN",2001,"Damage_costs",NA,"Aedes","NE3048",125375.20603751,1997,1977
"Aedes aegypti","VNM",2011,"Damage_costs",NA,"Aedes","2401",2876847.59212677,1998,1977
"Aedes aegypti","VNM",2011,"Damage_costs",NA,"Aedes","2402",2615315.99284252,1998,1977
"Aedes aegypti","VNM",2006,"Damage_costs",NA,"Aedes","2249",24677462.0700881,1998,1977
"Aedes aegypti","VNM",2004,"Damage_costs",NA,"Aedes","2249",24677462.0700881,1998,1977
"Aedes aegypti","VNM",2001,"Damage_costs",NA,"Aedes","2249",24677462.0700881,1998,1977
"Aedes aegypti","VNM",2010,"Damage_costs",NA,"Aedes","2249",24677462.0700881,1998,1977
"Aedes aegypti","VNM",2007,"Damage_costs",NA,"Aedes","2249",24677462.0700881,1998,1977
"Aedes aegypti","VNM",2005,"Damage_costs",NA,"Aedes","2249",24677462.0700881,1998,1977
"Aedes aegypti","VNM",2009,"Damage_costs",NA,"Aedes","2249",24677462.0700881,1998,1977
"Aedes aegypti","VNM",2008,"Damage_costs",NA,"Aedes","2249",24677462.0700881,1998,1977
"Aedes aegypti","VNM",2003,"Damage_costs",NA,"Aedes","2249",24677462.0700881,1998,1977
"Aedes aegypti","VNM",2002,"Damage_costs",NA,"Aedes","2249",24677462.0700881,1998,1977
"Aedes aegypti","VNM",2007,"Damage_costs",NA,"Aedes","2251",66833155.4225999,1998,1977
"Aedes aegypti/Aedes albopictus","ARG",2009,"Damage_costs",NA,"Aedes","2271",8569136.67572497,1995,1977
"Aedes aegypti/Aedes albopictus","ARG",2004,"Damage_costs",NA,"Aedes","2270",17208457.6961482,1995,1977
"Aedes aegypti/Aedes albopictus","ARG",2001,"Damage_costs",NA,"Aedes","2270",17208457.6961482,1995,1977
"Aedes aegypti/Aedes albopictus","ARG",2003,"Damage_costs",NA,"Aedes","2270",17208457.6961482,1995,1977
"Aedes aegypti/Aedes albopictus","ARG",2006,"Damage_costs",NA,"Aedes","2270",17208457.6961482,1995,1977
"Aedes aegypti/Aedes albopictus","ARG",2000,"Damage_costs",NA,"Aedes","2270",17208457.6961482,1995,1977
"Aedes aegypti/Aedes albopictus","ARG",2007,"Damage_costs",NA,"Aedes","2270",17208457.6961482,1995,1977
"Aedes aegypti/Aedes albopictus","ARG",2002,"Damage_costs",NA,"Aedes","2270",17208457.6961482,1995,1977
"Aedes aegypti/Aedes albopictus","ARG",2005,"Damage_costs",NA,"Aedes","2270",17208457.6961482,1995,1977
"Aedes aegypti/Aedes albopictus","BRA",2013,"Damage_costs",NA,"Aedes","2280",483998890.374956,1984,1977
"Aedes aegypti/Aedes albopictus","BRA",2007,"Damage_costs",NA,"Aedes","2284",956987710.380959,1984,1977
"Aedes aegypti/Aedes albopictus","BRA",2002,"Damage_costs",NA,"Aedes","2284",956987710.380959,1984,1977
"Aedes aegypti/Aedes albopictus","BRA",2005,"Damage_costs",NA,"Aedes","2284",956987710.380959,1984,1977
"Aedes aegypti/Aedes albopictus","BRA",2010,"Damage_costs",NA,"Aedes","2279",236158.696042981,1984,1977
"Aedes aegypti/Aedes albopictus","BRA",2003,"Damage_costs",NA,"Aedes","2284",956987710.380959,1984,1977
"Aedes aegypti/Aedes albopictus","BRA",2006,"Damage_costs",NA,"Aedes","2284",956987710.380959,1984,1977
"Aedes aegypti/Aedes albopictus","BRA",2000,"Damage_costs",NA,"Aedes","2284",956987710.380959,1984,1977
"Aedes aegypti/Aedes albopictus","BRA",2004,"Damage_costs",NA,"Aedes","2284",956987710.380959,1984,1977
"Aedes aegypti/Aedes albopictus","BRA",2001,"Damage_costs",NA,"Aedes","2284",956987710.380959,1984,1977
"Aedes aegypti/Aedes albopictus","COL",2005,"Damage_costs",NA,"Aedes","2294",208002021.764501,1995,1977
"Aedes aegypti/Aedes albopictus","COL",2015,"Damage_costs",NA,"Aedes","2377",51761313.6295693,1995,1977
"Aedes aegypti/Aedes albopictus","COL",2007,"Damage_costs",NA,"Aedes","2294",208002021.764501,1995,1977
"Aedes aegypti/Aedes albopictus","COL",2002,"Damage_costs",NA,"Aedes","2294",208002021.764501,1995,1977
"Aedes aegypti/Aedes albopictus","COL",2001,"Damage_costs",NA,"Aedes","2294",208002021.764501,1995,1977
"Aedes aegypti/Aedes albopictus","COL",2015,"Damage_costs",NA,"Aedes","2379",63186108.0793391,1995,1977
"Aedes aegypti/Aedes albopictus","COL",2010,"Damage_costs",NA,"Aedes","2292",1075580347.65367,1995,1977
"Aedes aegypti/Aedes albopictus","COL",2012,"Damage_costs",NA,"Aedes","2415",18416183.4495994,1995,1977
"Aedes aegypti/Aedes albopictus","COL",2010,"Damage_costs",NA,"Aedes","2415",18416183.4495994,1995,1977
"Aedes aegypti/Aedes albopictus","COL",2014,"Damage_costs",NA,"Aedes","NE3070",2223141.21017873,1995,1977
"Aedes aegypti/Aedes albopictus","COL",2011,"Damage_costs",NA,"Aedes","2415",18416183.4495994,1995,1977
"Aedes aegypti/Aedes albopictus","COL",2006,"Damage_costs",NA,"Aedes","2294",208002021.764501,1995,1977
"Aedes aegypti/Aedes albopictus","COL",2000,"Damage_costs",NA,"Aedes","2294",208002021.764501,1995,1977
"Aedes aegypti/Aedes albopictus","COL",2004,"Damage_costs",NA,"Aedes","2294",208002021.764501,1995,1977
"Aedes aegypti/Aedes albopictus","COL",2011,"Damage_costs",NA,"Aedes","2292",1075580347.65367,1995,1977
"Aedes aegypti/Aedes albopictus","COL",2003,"Damage_costs",NA,"Aedes","2294",208002021.764501,1995,1977
"Aedes aegypti/Aedes albopictus","COL",2015,"Damage_costs",NA,"Aedes","2378",3885984.50672442,1995,1977
"Aedes aegypti/Aedes albopictus","COL",2014,"Damage_costs",NA,"Aedes","2290",76206359.1184842,1995,1977
"Aedes aegypti/Aedes albopictus","COL",2012,"Damage_costs",NA,"Aedes","2292",1075580347.65367,1995,1977
"Aedes aegypti/Aedes albopictus","CRI",2004,"Damage_costs",NA,"Aedes","2296",12400317.5618373,1995,1977
"Aedes aegypti/Aedes albopictus","CRI",2002,"Damage_costs",NA,"Aedes","2296",12400317.5618373,1995,1977
"Aedes aegypti/Aedes albopictus","CRI",2003,"Damage_costs",NA,"Aedes","2296",12400317.5618373,1995,1977
"Aedes aegypti/Aedes albopictus","CRI",2000,"Damage_costs",NA,"Aedes","2296",12400317.5618373,1995,1977
"Aedes aegypti/Aedes albopictus","CRI",2001,"Damage_costs",NA,"Aedes","2296",12400317.5618373,1995,1977
"Aedes aegypti/Aedes albopictus","CRI",2005,"Damage_costs",NA,"Aedes","2296",12400317.5618373,1995,1977
"Aedes aegypti/Aedes albopictus","CRI",2006,"Damage_costs",NA,"Aedes","2296",12400317.5618373,1995,1977
"Aedes aegypti/Aedes albopictus","CRI",2007,"Damage_costs",NA,"Aedes","2296",12400317.5618373,1995,1977
"Aedes aegypti/Aedes albopictus","CUB",2006,"Damage_costs",NA,"Aedes","2412",1479573.05417511,2000,1977
"Aedes aegypti/Aedes albopictus","CUB",2006,"Damage_costs",NA,"Aedes","2411",3032419.95232939,2000,1977
"Aedes aegypti/Aedes albopictus","DOM",2011,"Damage_costs",NA,"Aedes","2301",1556113.0157413,2011,1977
"Aedes aegypti/Aedes albopictus","DOM",2011,"Damage_costs",NA,"Aedes","2405",1495088.97590831,2011,1977
"Aedes aegypti/Aedes albopictus","HND",2001,"Damage_costs",NA,"Aedes","2309",19972885.8812854,1995,1977
"Aedes aegypti/Aedes albopictus","HND",2006,"Damage_costs",NA,"Aedes","2309",19972885.8812854,1995,1977
"Aedes aegypti/Aedes albopictus","HND",2004,"Damage_costs",NA,"Aedes","2309",19972885.8812854,1995,1977
"Aedes aegypti/Aedes albopictus","HND",2003,"Damage_costs",NA,"Aedes","2309",19972885.8812854,1995,1977
"Aedes aegypti/Aedes albopictus","HND",2002,"Damage_costs",NA,"Aedes","2309",19972885.8812854,1995,1977
"Aedes aegypti/Aedes albopictus","HND",2005,"Damage_costs",NA,"Aedes","2309",19972885.8812854,1995,1977
"Aedes aegypti/Aedes albopictus","HND",2007,"Damage_costs",NA,"Aedes","2309",19972885.8812854,1995,1977
"Aedes aegypti/Aedes albopictus","HND",2000,"Damage_costs",NA,"Aedes","2309",19972885.8812854,1995,1977
"Aedes aegypti/Aedes albopictus","MDV",2015,"Damage_costs",NA,"Aedes","2385",1237246.9839769,2015,1977
"Aedes aegypti/Aedes albopictus","MDV",2015,"Damage_costs",NA,"Aedes","2387",1216724.60367647,2015,1977
"Aedes aegypti/Aedes albopictus","MEX",2005,"Damage_costs",NA,"Aedes","2311",321737991.353806,1995,1977
"Aedes aegypti/Aedes albopictus","MEX",2002,"Damage_costs",NA,"Aedes","2311",321737991.353806,1995,1977
"Aedes aegypti/Aedes albopictus","MEX",2004,"Damage_costs",NA,"Aedes","2311",321737991.353806,1995,1977
"Aedes aegypti/Aedes albopictus","MEX",2003,"Damage_costs",NA,"Aedes","2311",321737991.353806,1995,1977
"Aedes aegypti/Aedes albopictus","MEX",2007,"Damage_costs",NA,"Aedes","2311",321737991.353806,1995,1977
"Aedes aegypti/Aedes albopictus","MEX",2001,"Damage_costs",NA,"Aedes","2311",321737991.353806,1995,1977
"Aedes aegypti/Aedes albopictus","MEX",2000,"Damage_costs",NA,"Aedes","2311",321737991.353806,1995,1977
"Aedes aegypti/Aedes albopictus","MEX",2006,"Damage_costs",NA,"Aedes","2311",321737991.353806,1995,1977
"Aedes aegypti/Aedes albopictus","NIC",2004,"Damage_costs",NA,"Aedes","2314",15750763.015023,1996,1977
"Aedes aegypti/Aedes albopictus","NIC",2003,"Damage_costs",NA,"Aedes","2315",14412900.9297939,1996,1977
"Aedes aegypti/Aedes albopictus","NIC",2005,"Damage_costs",NA,"Aedes","2314",15750763.015023,1996,1977
"Aedes aegypti/Aedes albopictus","NIC",2007,"Damage_costs",NA,"Aedes","2315",14412900.9297939,1996,1977
"Aedes aegypti/Aedes albopictus","NIC",2007,"Damage_costs",NA,"Aedes","2314",15750763.015023,1996,1977
"Aedes aegypti/Aedes albopictus","NIC",2008,"Damage_costs",NA,"Aedes","2315",14412900.9297939,1996,1977
"Aedes aegypti/Aedes albopictus","NIC",2002,"Damage_costs",NA,"Aedes","2315",14412900.9297939,1996,1977
"Aedes aegypti/Aedes albopictus","NIC",1999,"Damage_costs",NA,"Aedes","2315",14412900.9297939,1996,1977
"Aedes aegypti/Aedes albopictus","NIC",2001,"Damage_costs",NA,"Aedes","2315",14412900.9297939,1996,1977
"Aedes aegypti/Aedes albopictus","NIC",2000,"Damage_costs",NA,"Aedes","2314",15750763.015023,1996,1977
"Aedes aegypti/Aedes albopictus","NIC",2000,"Damage_costs",NA,"Aedes","2315",14412900.9297939,1996,1977
"Aedes aegypti/Aedes albopictus","NIC",2002,"Damage_costs",NA,"Aedes","2314",15750763.015023,1996,1977
"Aedes aegypti/Aedes albopictus","NIC",2005,"Damage_costs",NA,"Aedes","2315",14412900.9297939,1996,1977
"Aedes aegypti/Aedes albopictus","NIC",2004,"Damage_costs",NA,"Aedes","2315",14412900.9297939,1996,1977
"Aedes aegypti/Aedes albopictus","NIC",2003,"Damage_costs",NA,"Aedes","2314",15750763.015023,1996,1977
"Aedes aegypti/Aedes albopictus","NIC",1996,"Damage_costs",NA,"Aedes","2315",14412900.9297939,1996,1977
"Aedes aegypti/Aedes albopictus","NIC",1998,"Damage_costs",NA,"Aedes","2315",14412900.9297939,1996,1977
"Aedes aegypti/Aedes albopictus","NIC",1997,"Damage_costs",NA,"Aedes","2315",14412900.9297939,1996,1977
"Aedes aegypti/Aedes albopictus","NIC",2006,"Damage_costs",NA,"Aedes","2314",15750763.015023,1996,1977
"Aedes aegypti/Aedes albopictus","NIC",2001,"Damage_costs",NA,"Aedes","2314",15750763.015023,1996,1977
"Aedes aegypti/Aedes albopictus","NIC",2010,"Damage_costs",NA,"Aedes","2315",14412900.9297939,1996,1977
"Aedes aegypti/Aedes albopictus","NIC",2009,"Damage_costs",NA,"Aedes","2315",14412900.9297939,1996,1977
"Aedes aegypti/Aedes albopictus","NIC",2006,"Damage_costs",NA,"Aedes","2315",14412900.9297939,1996,1977
"Aedes aegypti/Aedes albopictus","PAN",2002,"Damage_costs",NA,"Aedes","2319",9651580.71690245,2000,1977
"Aedes aegypti/Aedes albopictus","PAN",2005,"Damage_costs",NA,"Aedes","2317",14845701.7150182,2000,1977
"Aedes aegypti/Aedes albopictus","PAN",2005,"Damage_costs",NA,"Aedes","2319",9651580.71690245,2000,1977
"Aedes aegypti/Aedes albopictus","PAN",2007,"Damage_costs",NA,"Aedes","2319",9651580.71690245,2000,1977
"Aedes aegypti/Aedes albopictus","PAN",2001,"Damage_costs",NA,"Aedes","2319",9651580.71690245,2000,1977
"Aedes aegypti/Aedes albopictus","PAN",2004,"Damage_costs",NA,"Aedes","2319",9651580.71690245,2000,1977
"Aedes aegypti/Aedes albopictus","PAN",2003,"Damage_costs",NA,"Aedes","2319",9651580.71690245,2000,1977
"Aedes aegypti/Aedes albopictus","PAN",2000,"Damage_costs",NA,"Aedes","2319",9651580.71690245,2000,1977
"Aedes aegypti/Aedes albopictus","PAN",2006,"Damage_costs",NA,"Aedes","2319",9651580.71690245,2000,1977
"Aedes aegypti/Aedes albopictus","SLV",2001,"Damage_costs",NA,"Aedes","2305",17638005.5828938,1995,1977
"Aedes aegypti/Aedes albopictus","SLV",2002,"Damage_costs",NA,"Aedes","2305",17638005.5828938,1995,1977
"Aedes aegypti/Aedes albopictus","SLV",2000,"Damage_costs",NA,"Aedes","2305",17638005.5828938,1995,1977
"Aedes aegypti/Aedes albopictus","SLV",2006,"Damage_costs",NA,"Aedes","2305",17638005.5828938,1995,1977
"Aedes aegypti/Aedes albopictus","SLV",2003,"Damage_costs",NA,"Aedes","2305",17638005.5828938,1995,1977
"Aedes aegypti/Aedes albopictus","SLV",2005,"Damage_costs",NA,"Aedes","2305",17638005.5828938,1995,1977
"Aedes aegypti/Aedes albopictus","SLV",2007,"Damage_costs",NA,"Aedes","2305",17638005.5828938,1995,1977
"Aedes aegypti/Aedes albopictus","SLV",2004,"Damage_costs",NA,"Aedes","2305",17638005.5828938,1995,1977
"Aedes aegypti/Aedes albopictus","USA",2004,"Damage_costs",NA,"Aedes","2331",6355211.07368289,2000,1977
"Aedes aegypti/Aedes albopictus","USA",2002,"Damage_costs",NA,"Aedes","2331",6355211.07368289,2000,1977
"Aedes aegypti/Aedes albopictus","USA",2001,"Damage_costs",NA,"Aedes","2331",6355211.07368289,2000,1977
"Aedes aegypti/Aedes albopictus","USA",2005,"Damage_costs",NA,"Aedes","2331",6355211.07368289,2000,1977
"Aedes aegypti/Aedes albopictus","USA",2006,"Damage_costs",NA,"Aedes","2331",6355211.07368289,2000,1977
"Aedes aegypti/Aedes albopictus","USA",2007,"Damage_costs",NA,"Aedes","2331",6355211.07368289,2000,1977
"Aedes aegypti/Aedes albopictus","USA",2003,"Damage_costs",NA,"Aedes","2331",6355211.07368289,2000,1977
"Aedes aegypti/Aedes albopictus","USA",2000,"Damage_costs",NA,"Aedes","2331",6355211.07368289,2000,1977
"Aedes aegypti/Aedes albopictus","VEN",2002,"Damage_costs",NA,"Aedes","2262",234164.885941053,1997,1977
"Aedes aegypti/Aedes albopictus","VEN",2000,"Damage_costs",NA,"Aedes","2333",127897460.612803,1997,1977
"Aedes aegypti/Aedes albopictus","VEN",2007,"Damage_costs",NA,"Aedes","2333",127897460.612803,1997,1977
"Aedes aegypti/Aedes albopictus","VEN",2003,"Damage_costs",NA,"Aedes","2262",234164.885941053,1997,1977
"Aedes aegypti/Aedes albopictus","VEN",2001,"Damage_costs",NA,"Aedes","2262",234164.885941053,1997,1977
"Aedes aegypti/Aedes albopictus","VEN",1999,"Damage_costs",NA,"Aedes","2262",234164.885941053,1997,1977
"Aedes aegypti/Aedes albopictus","VEN",2002,"Damage_costs",NA,"Aedes","2333",127897460.612803,1997,1977
"Aedes aegypti/Aedes albopictus","VEN",1997,"Damage_costs",NA,"Aedes","2262",234164.885941053,1997,1977
"Aedes aegypti/Aedes albopictus","VEN",2003,"Damage_costs",NA,"Aedes","2333",127897460.612803,1997,1977
"Aedes aegypti/Aedes albopictus","VEN",1998,"Damage_costs",NA,"Aedes","2262",234164.885941053,1997,1977
"Aedes aegypti/Aedes albopictus","VEN",2005,"Damage_costs",NA,"Aedes","2333",127897460.612803,1997,1977
"Aedes aegypti/Aedes albopictus","VEN",2006,"Damage_costs",NA,"Aedes","2333",127897460.612803,1997,1977
"Aedes aegypti/Aedes albopictus","VEN",2000,"Damage_costs",NA,"Aedes","2262",234164.885941053,1997,1977
"Aedes aegypti/Aedes albopictus","VEN",2004,"Damage_costs",NA,"Aedes","2333",127897460.612803,1997,1977
"Aedes aegypti/Aedes albopictus","VEN",2001,"Damage_costs",NA,"Aedes","2333",127897460.612803,1997,1977
"Aedes albopictus","FRA",2006,"Damage_costs",NA,"Aedes","2258",66501896.1480606,2006,1977
"Aedes albopictus","GRC",2010,"Damage_costs",NA,"Aedes","SC1071",1365716.33638521,2010,1977
"Aedes albopictus","GRC",2011,"Damage_costs",NA,"Aedes","SC758",180360.724755293,2010,1977
"Aedes albopictus","GRC",2013,"Damage_costs",NA,"Aedes","SC689",107340.146645461,2010,1977
"Aedes albopictus","GRC",2012,"Damage_costs",NA,"Aedes","SC680",97422.7925319595,2010,1977
"Aedes albopictus","ITA",2007,"Damage_costs",NA,"Aedes","2375",16481660.4347903,2007,1977
"Aedes albopictus/Aedes japonicus","USA",1922,"Damage_costs",NA,"Aedes","1212",9489.97592085195,1922,1977
"Aedes albopictus/Aedes japonicus","USA",1923,"Damage_costs",NA,"Aedes","1212",9489.97592085195,1922,1977
"Aedes albopictus/Aedes japonicus","USA",1924,"Damage_costs",NA,"Aedes","1212",9489.97592085195,1922,1977
"Aedes albopictus/Aedes japonicus","USA",1925,"Damage_costs",NA,"Aedes","1212",9489.97592085195,1922,1977
"Aedes albopictus/Aedes japonicus","USA",1926,"Damage_costs",NA,"Aedes","1212",9489.97592085195,1922,1977
"Aedes albopictus/Aedes japonicus","USA",1927,"Damage_costs",NA,"Aedes","1212",9489.97592085195,1922,1977
"Aedes albopictus/Aedes japonicus","USA",1928,"Damage_costs",NA,"Aedes","1212",9489.97592085195,1922,1977
"Aedes albopictus/Aedes japonicus","USA",1929,"Damage_costs",NA,"Aedes","1212",9489.97592085195,1922,1977
"Aedes albopictus/Aedes japonicus","USA",1930,"Damage_costs",NA,"Aedes","1212",9489.97592085195,1922,1977
"Aedes albopictus/Aedes japonicus","USA",1931,"Damage_costs",NA,"Aedes","1212",9489.97592085195,1922,1977
"Aedes albopictus/Aedes japonicus","USA",1932,"Damage_costs",NA,"Aedes","1212",9489.97592085195,1922,1977
"Aedes albopictus/Aedes japonicus","USA",1933,"Damage_costs",NA,"Aedes","1212",9489.97592085195,1922,1977
"Aedes albopictus/Aedes japonicus","USA",1934,"Damage_costs",NA,"Aedes","1212",9489.97592085195,1922,1977
"Aedes albopictus/Aedes japonicus","USA",1935,"Damage_costs",NA,"Aedes","1212",9489.97592085195,1922,1977
"Aedes albopictus/Aedes japonicus","USA",1936,"Damage_costs",NA,"Aedes","1212",9489.97592085195,1922,1977
"Aedes albopictus/Aedes japonicus","USA",1937,"Damage_costs",NA,"Aedes","1212",9489.97592085195,1922,1977
"Aedes albopictus/Aedes japonicus","USA",1938,"Damage_costs",NA,"Aedes","1212",9489.97592085195,1922,1977
"Aedes albopictus/Aedes japonicus","USA",1939,"Damage_costs",NA,"Aedes","1212",9489.97592085195,1922,1977
"Aedes albopictus/Aedes japonicus","USA",1940,"Damage_costs",NA,"Aedes","1212",9489.97592085195,1922,1977
"Aedes albopictus/Aedes japonicus","USA",1941,"Damage_costs",NA,"Aedes","1212",9489.97592085195,1922,1977
"Aedes albopictus/Aedes japonicus","USA",1942,"Damage_costs",NA,"Aedes","1212",9489.97592085195,1922,1977
"Aedes albopictus/Aedes japonicus","USA",1943,"Damage_costs",NA,"Aedes","1212",9489.97592085195,1922,1977
"Aedes albopictus/Aedes japonicus","USA",1944,"Damage_costs",NA,"Aedes","1212",9489.97592085195,1922,1977
"Aedes albopictus/Aedes japonicus","USA",1945,"Damage_costs",NA,"Aedes","1212",9489.97592085195,1922,1977
"Aedes albopictus/Aedes japonicus","USA",1946,"Damage_costs",NA,"Aedes","1212",9489.97592085195,1922,1977
"Aedes albopictus/Aedes japonicus","USA",1947,"Damage_costs",NA,"Aedes","1212",9489.97592085195,1922,1977
"Aedes albopictus/Aedes japonicus","USA",1948,"Damage_costs",NA,"Aedes","1212",9489.97592085195,1922,1977
"Aedes albopictus/Aedes japonicus","USA",1949,"Damage_costs",NA,"Aedes","1212",9489.97592085195,1922,1977
"Aedes albopictus/Aedes japonicus","USA",1950,"Damage_costs",NA,"Aedes","1212",9489.97592085195,1922,1977
"Aedes albopictus/Aedes japonicus","USA",1951,"Damage_costs",NA,"Aedes","1212",9489.97592085195,1922,1977
"Aedes albopictus/Aedes japonicus","USA",1952,"Damage_costs",NA,"Aedes","1212",9489.97592085195,1922,1977
"Aedes albopictus/Aedes japonicus","USA",1953,"Damage_costs",NA,"Aedes","1212",9489.97592085195,1922,1977
"Aedes albopictus/Aedes japonicus","USA",1954,"Damage_costs",NA,"Aedes","1212",9489.97592085195,1922,1977
"Aedes albopictus/Aedes japonicus","USA",1955,"Damage_costs",NA,"Aedes","1212",9489.97592085195,1922,1977
"Aedes albopictus/Aedes japonicus","USA",1956,"Damage_costs",NA,"Aedes","1212",9489.97592085195,1922,1977
"Aedes albopictus/Aedes japonicus","USA",1957,"Damage_costs",NA,"Aedes","1212",9489.97592085195,1922,1977
"Aedes albopictus/Aedes japonicus","USA",1958,"Damage_costs",NA,"Aedes","1212",9489.97592085195,1922,1977
"Aedes albopictus/Aedes japonicus","USA",1959,"Damage_costs",NA,"Aedes","1212",9489.97592085195,1922,1977
"Aedes albopictus/Aedes japonicus","USA",1960,"Damage_costs",NA,"Aedes","1212",9489.97592085195,1922,1977
"Aedes albopictus/Aedes japonicus","USA",1961,"Damage_costs",NA,"Aedes","1212",9489.97592085195,1922,1977
"Aedes albopictus/Aedes japonicus","USA",1962,"Damage_costs",NA,"Aedes","1212",9489.97592085195,1922,1977
"Aedes albopictus/Aedes japonicus","USA",1963,"Damage_costs",NA,"Aedes","1212",9489.97592085195,1922,1977
"Aedes albopictus/Aedes japonicus","USA",1964,"Damage_costs",NA,"Aedes","1212",9489.97592085195,1922,1977
"Aedes albopictus/Aedes japonicus","USA",1965,"Damage_costs",NA,"Aedes","1212",9489.97592085195,1922,1977
"Aedes albopictus/Aedes japonicus","USA",1966,"Damage_costs",NA,"Aedes","1212",9489.97592085195,1922,1977
"Aedes albopictus/Aedes japonicus","USA",1967,"Damage_costs",NA,"Aedes","1212",9489.97592085195,1922,1977
"Aedes albopictus/Aedes japonicus","USA",1968,"Damage_costs",NA,"Aedes","1212",9489.97592085195,1922,1977
"Aedes albopictus/Aedes japonicus","USA",1969,"Damage_costs",NA,"Aedes","1212",9489.97592085195,1922,1977
"Aedes albopictus/Aedes japonicus","USA",1970,"Damage_costs",NA,"Aedes","1212",9489.97592085195,1922,1977
"Aedes albopictus/Aedes japonicus","USA",1971,"Damage_costs",NA,"Aedes","1212",9489.97592085195,1922,1977
"Aedes albopictus/Aedes japonicus","USA",1972,"Damage_costs",NA,"Aedes","1212",9489.97592085195,1922,1977
"Aedes albopictus/Aedes japonicus","USA",1973,"Damage_costs",NA,"Aedes","1212",9489.97592085195,1922,1977
"Aedes albopictus/Aedes japonicus","USA",1974,"Damage_costs",NA,"Aedes","1212",9489.97592085195,1922,1977
"Aedes albopictus/Aedes japonicus","USA",1975,"Damage_costs",NA,"Aedes","1212",9489.97592085195,1922,1977
"Aedes albopictus/Aedes japonicus","USA",1976,"Damage_costs",NA,"Aedes","1212",9489.97592085195,1922,1977
"Aedes albopictus/Aedes japonicus","USA",1977,"Damage_costs",NA,"Aedes","1212",9489.97592085195,1922,1977
"Aedes albopictus/Aedes japonicus","USA",1978,"Damage_costs",NA,"Aedes","1212",9489.97592085195,1922,1977
"Aedes albopictus/Aedes japonicus","USA",1979,"Damage_costs",NA,"Aedes","1212",9489.97592085195,1922,1977
"Aedes albopictus/Aedes japonicus","USA",1980,"Damage_costs",NA,"Aedes","1212",9489.97592085195,1922,1977
"Aedes albopictus/Aedes japonicus","USA",1981,"Damage_costs",NA,"Aedes","1212",9489.97592085195,1922,1977
"Aedes albopictus/Aedes japonicus","USA",1982,"Damage_costs",NA,"Aedes","1212",9489.97592085195,1922,1977
"Aedes albopictus/Aedes japonicus","USA",1983,"Damage_costs",NA,"Aedes","1212",9489.97592085195,1922,1977
"Aedes albopictus/Aedes japonicus","USA",1984,"Damage_costs",NA,"Aedes","1212",9489.97592085195,1922,1977
"Aedes albopictus/Aedes japonicus","USA",1985,"Damage_costs",NA,"Aedes","1212",9489.97592085195,1922,1977
"Aedes albopictus/Aedes japonicus","USA",1986,"Damage_costs",NA,"Aedes","1212",9489.97592085195,1922,1977
"Aedes albopictus/Aedes japonicus","USA",1987,"Damage_costs",NA,"Aedes","1212",9489.97592085195,1922,1977
"Aedes albopictus/Aedes japonicus","USA",1988,"Damage_costs",NA,"Aedes","1212",9489.97592085195,1922,1977
"Aedes albopictus/Aedes japonicus","USA",1989,"Damage_costs",NA,"Aedes","1212",9489.97592085195,1922,1977
"Aedes albopictus/Aedes japonicus","USA",1990,"Damage_costs",NA,"Aedes","1212",9489.97592085195,1922,1977
"Aedes albopictus/Aedes japonicus","USA",1991,"Damage_costs",NA,"Aedes","1212",9489.97592085195,1922,1977
"Aedes albopictus/Aedes japonicus","USA",1992,"Damage_costs",NA,"Aedes","1212",9489.97592085195,1922,1977
"Aedes albopictus/Aedes japonicus","USA",1993,"Damage_costs",NA,"Aedes","1212",9489.97592085195,1922,1977
"Aedes albopictus/Aedes japonicus","USA",1994,"Damage_costs",NA,"Aedes","1212",9489.97592085195,1922,1977
"Aedes albopictus/Aedes japonicus","USA",1995,"Damage_costs",NA,"Aedes","1212",9489.97592085195,1922,1977
"Aedes albopictus/Aedes japonicus","USA",1996,"Damage_costs",NA,"Aedes","1212",9489.97592085195,1922,1977
"Aedes albopictus/Aedes japonicus","USA",1997,"Damage_costs",NA,"Aedes","1212",9489.97592085195,1922,1977
"Aedes albopictus/Aedes japonicus","USA",1998,"Damage_costs",NA,"Aedes","1212",9489.97592085195,1922,1977
"Aedes albopictus/Aedes japonicus","USA",1999,"Damage_costs",NA,"Aedes","1212",9489.97592085195,1922,1977
"Aedes albopictus/Aedes japonicus","USA",2000,"Damage_costs",NA,"Aedes","1212",9489.97592085195,1922,1977
"Aedes albopictus/Aedes japonicus","USA",2001,"Damage_costs",NA,"Aedes","1212",9489.97592085195,1922,1977
"Aedes albopictus/Aedes japonicus","USA",2002,"Damage_costs",NA,"Aedes","1212",9489.97592085195,1922,1977
"Aedes albopictus/Aedes japonicus","USA",2003,"Damage_costs",NA,"Aedes","1212",9489.97592085195,1922,1977
"Aedes albopictus/Aedes japonicus","USA",2004,"Damage_costs",NA,"Aedes","1212",9489.97592085195,1922,1977
"Aedes albopictus/Aedes japonicus","USA",2005,"Damage_costs",NA,"Aedes","1212",9489.97592085195,1922,1977
"Aedes albopictus/Aedes japonicus","USA",2006,"Damage_costs",NA,"Aedes","1212",9489.97592085195,1922,1977
"Aedes albopictus/Aedes japonicus","USA",2007,"Damage_costs",NA,"Aedes","1212",9489.97592085195,1922,1977
"Aedes albopictus/Aedes japonicus","USA",2008,"Damage_costs",NA,"Aedes","1212",9489.97592085195,1922,1977
"Aedes albopictus/Aedes japonicus","USA",2009,"Damage_costs",NA,"Aedes","1212",9489.97592085195,1922,1977
"Aedes albopictus/Aedes japonicus","USA",2010,"Damage_costs",NA,"Aedes","1212",9489.97592085195,1922,1977
"Aedes albopictus/Aedes japonicus","USA",2011,"Damage_costs",NA,"Aedes","1212",9489.97592085195,1922,1977
"Aedes albopictus/Aedes japonicus","USA",2012,"Damage_costs",NA,"Aedes","1212",9489.97592085195,1922,1977
"Ambrosia artemisiifolia","ALB",2011,"Damage_costs",NA,"Ambrosia","SC731",151683.451428265,2011,1999
"Ambrosia artemisiifolia","ALB",2011,"Damage_costs",NA,"Ambrosia","SC1410",10617841.5999786,2011,1999
"Ambrosia artemisiifolia","AUT",2011,"Damage_costs",NA,"Ambrosia","SC1467",14258244.4342569,2011,1999
"Ambrosia artemisiifolia","AUT",2011,"Damage_costs",NA,"Ambrosia","SC1763",84942732.7998284,2011,1999
"Ambrosia artemisiifolia","AUT",2011,"Damage_costs",NA,"Ambrosia","SC1574",26999654.3542312,2011,1999
"Ambrosia artemisiifolia","BGR",2011,"Damage_costs",NA,"Ambrosia","SC1637",39134330.4684924,2011,1999
"Ambrosia artemisiifolia","BGR",2011,"Damage_costs",NA,"Ambrosia","SC1162",2275251.77142398,2011,1999
"Ambrosia artemisiifolia","BGR",2011,"Damage_costs",NA,"Ambrosia","SC1910",265446039.999464,2011,1999
"Ambrosia artemisiifolia","BIH",2011,"Damage_costs",NA,"Ambrosia","SC993",910100.70856959,2011,1999
"Ambrosia artemisiifolia","BIH",2011,"Damage_costs",NA,"Ambrosia","SC1799",110728919.542633,2011,1999
"Ambrosia artemisiifolia","BIH",2011,"Damage_costs",NA,"Ambrosia","SC1534",21083999.7485288,2011,1999
"Ambrosia artemisiifolia","BLR",2011,"Damage_costs",NA,"Ambrosia","SC829",303366.90285653,2011,1999
"Ambrosia artemisiifolia","BLR",2011,"Damage_costs",NA,"Ambrosia","SC1082",1516834.51428265,2011,1999
"Ambrosia artemisiifolia","CHE",2011,"Damage_costs",NA,"Ambrosia","SC1047",1213467.61142612,2011,1999
"Ambrosia artemisiifolia","CHE",2011,"Damage_costs",NA,"Ambrosia","SC1260",4550503.54284795,2011,1999
"Ambrosia artemisiifolia","CHE",2011,"Damage_costs",NA,"Ambrosia","SC1113",1668517.96571092,2011,1999
"Ambrosia artemisiifolia","CZE",2011,"Damage_costs",NA,"Ambrosia","SC1259",4550503.54284795,2011,1999
"Ambrosia artemisiifolia","CZE",2011,"Damage_costs",NA,"Ambrosia","SC2346",1668517.96571092,2011,1999
"Ambrosia artemisiifolia","DEU",2003,"Damage_costs",NA,"Ambrosia","NE4561",41362581.0538412,2003,1999
"Ambrosia artemisiifolia","DEU",2011,"Damage_costs",NA,"Ambrosia","SC1505",17746963.817107,2003,1999
"Ambrosia artemisiifolia","DEU",2011,"Damage_costs",NA,"Ambrosia","SC1613",33066992.4113618,2003,1999
"Ambrosia artemisiifolia","DEU",2011,"Damage_costs",NA,"Ambrosia","SC1689",51572373.4856101,2003,1999
"Ambrosia artemisiifolia","DNK",2011,"Damage_costs",NA,"Ambrosia","SC732",151683.451428265,2011,1999
"Ambrosia artemisiifolia","ESP",2011,"Damage_costs",NA,"Ambrosia","SC927",606733.80571306,2011,1999
"Ambrosia artemisiifolia","ESP",2011,"Damage_costs",NA,"Ambrosia","SC736",151683.451428265,2011,1999
"Ambrosia artemisiifolia","ESP",2011,"Damage_costs",NA,"Ambrosia","SC1460",13651510.6285439,2011,1999
"Ambrosia artemisiifolia","FIN",2011,"Damage_costs",NA,"Ambrosia","SC830",303366.90285653,2011,1999
"Ambrosia artemisiifolia","FIN",2011,"Damage_costs",NA,"Ambrosia","SC733",151683.451428265,2011,1999
"Ambrosia artemisiifolia","FRA",2011,"Damage_costs",NA,"Ambrosia","SC1906",257861867.428051,2010,1999
"Ambrosia artemisiifolia","FRA",2011,"Damage_costs",NA,"Ambrosia","SC1622",36252344.8913553,2010,1999
"Ambrosia artemisiifolia","FRA",2010,"Damage_costs",NA,"Ambrosia","NE3312",89415525.024975,2010,1999
"Ambrosia artemisiifolia","FRA",2017,"Damage_costs",NA,"Ambrosia","NE3443",45865055.764706,2010,1999
"Ambrosia artemisiifolia","FRA",2011,"Damage_costs",NA,"Ambrosia","SC1758",82364114.1255479,2010,1999
"Ambrosia artemisiifolia","GRC",2011,"Damage_costs",NA,"Ambrosia","SC831",303366.90285653,2011,1999
"Ambrosia artemisiifolia","GRC",2011,"Damage_costs",NA,"Ambrosia","SC994",910100.70856959,2011,1999
"Ambrosia artemisiifolia","GRC",2011,"Damage_costs",NA,"Ambrosia","SC1568",25786186.7428051,2011,1999
"Ambrosia artemisiifolia","HRV",2011,"Damage_costs",NA,"Ambrosia","SC1670",46263452.6856208,2011,1999
"Ambrosia artemisiifolia","HRV",2011,"Damage_costs",NA,"Ambrosia","SC1308",5763971.15427407,2011,1999
"Ambrosia artemisiifolia","HRV",2011,"Damage_costs",NA,"Ambrosia","SC1821",133481437.256873,2011,1999
"Ambrosia artemisiifolia","HUN",2011,"Damage_costs",NA,"Ambrosia","SC2004",661339848.227236,2011,1999
"Ambrosia artemisiifolia","HUN",2011,"Damage_costs",NA,"Ambrosia","SC1830",141368976.731143,2011,1999
"Ambrosia artemisiifolia","HUN",2011,"Damage_costs",NA,"Ambrosia","SC1805",114976056.182625,2011,1999
"Ambrosia artemisiifolia","ITA",2011,"Damage_costs",NA,"Ambrosia","SC1459",13499827.1771156,2011,1999
"Ambrosia artemisiifolia","ITA",2011,"Damage_costs",NA,"Ambrosia","SC1919",288198557.713704,2011,1999
"Ambrosia artemisiifolia","ITA",2012,"Damage_costs",NA,"Ambrosia","1886",2743494.97196885,2011,1999
"Ambrosia artemisiifolia","ITA",2011,"Damage_costs",NA,"Ambrosia","SC1634",38072546.3084945,2011,1999
"Ambrosia artemisiifolia","MDA",2011,"Damage_costs",NA,"Ambrosia","SC1717",65830617.919867,2011,1999
"Ambrosia artemisiifolia","MDA",2011,"Damage_costs",NA,"Ambrosia","SC957",758417.257141325,2011,1999
"Ambrosia artemisiifolia","MDA",2011,"Damage_costs",NA,"Ambrosia","SC1851",166851796.571092,2011,1999
"Ambrosia artemisiifolia","MKD",2011,"Damage_costs",NA,"Ambrosia","SC734",151683.451428265,2011,1999
"Ambrosia artemisiifolia","MKD",2011,"Damage_costs",NA,"Ambrosia","SC1248",4095453.18856316,2011,1999
"Ambrosia artemisiifolia","MNE",2011,"Damage_costs",NA,"Ambrosia","SC1083",1516834.51428265,2011,1999
"Ambrosia artemisiifolia","MNE",2011,"Damage_costs",NA,"Ambrosia","SC886",455050.354284795,2011,1999
"Ambrosia artemisiifolia","NOR",2011,"Damage_costs",NA,"Ambrosia","SC735",151683.451428265,2011,1999
"Ambrosia artemisiifolia","POL",2011,"Damage_costs",NA,"Ambrosia","SC1496",16685179.6571092,2011,1999
"Ambrosia artemisiifolia","POL",2011,"Damage_costs",NA,"Ambrosia","SC995",910100.70856959,2011,1999
"Ambrosia artemisiifolia","POL",2011,"Damage_costs",NA,"Ambrosia","SC1347",7129122.21712846,2011,1999
"Ambrosia artemisiifolia","PRT",2011,"Damage_costs",NA,"Ambrosia","SC1084",1516834.51428265,2011,1999
"Ambrosia artemisiifolia","ROU",2011,"Damage_costs",NA,"Ambrosia","SC2022",996560275.883701,2011,1999
"Ambrosia artemisiifolia","ROU",2011,"Damage_costs",NA,"Ambrosia","SC1846",157902472.936824,2011,1999
"Ambrosia artemisiifolia","ROU",2011,"Damage_costs",NA,"Ambrosia","SC1413",10921208.5028351,2011,1999
"Ambrosia artemisiifolia","RUS",2011,"Damage_costs",NA,"Ambrosia","SC1924",307917406.399378,2011,1999
"Ambrosia artemisiifolia","RUS",2011,"Damage_costs",NA,"Ambrosia","SC1293",5308920.79998928,2011,1999
"Ambrosia artemisiifolia","RUS",2011,"Damage_costs",NA,"Ambrosia","SC1766",86611250.7655393,2011,1999
"Ambrosia artemisiifolia","SRB",2011,"Damage_costs",NA,"Ambrosia","SC1067",1365151.06285439,2011,1999
"Ambrosia artemisiifolia","SRB",2011,"Damage_costs",NA,"Ambrosia","SC1435",12438043.0171177,2011,1999
"Ambrosia artemisiifolia","SRB",2011,"Damage_costs",NA,"Ambrosia","SC1979",514206900.341818,2011,1999
"Ambrosia artemisiifolia","SRB",2011,"Damage_costs",NA,"Ambrosia","SC1694",54606042.5141754,2011,1999
"Ambrosia artemisiifolia","SVK",2011,"Damage_costs",NA,"Ambrosia","SC1591",29881639.9313682,2011,1999
"Ambrosia artemisiifolia","SVK",2011,"Damage_costs",NA,"Ambrosia","SC1301",5460604.25141754,2011,1999
"Ambrosia artemisiifolia","SVK",2011,"Damage_costs",NA,"Ambrosia","SC1806",115279423.085481,2011,1999
"Ambrosia artemisiifolia","SVN",2011,"Damage_costs",NA,"Ambrosia","SC1511",18202014.1713918,2011,1999
"Ambrosia artemisiifolia","SVN",2011,"Damage_costs",NA,"Ambrosia","SC1352",7280805.66855672,2011,1999
"Ambrosia artemisiifolia","SVN",2011,"Damage_costs",NA,"Ambrosia","SC1125",1820201.41713918,2011,1999
"Ambrosia artemisiifolia","SWE",2006,"Damage_costs",NA,"Ambrosia","SC2291",3048764.26421381,2006,1999
"Ambrosia artemisiifolia","SWE",2011,"Damage_costs",NA,"Ambrosia","SC1020",1061784.15999786,2006,1999
"Ambrosia artemisiifolia","SWE",2011,"Damage_costs",NA,"Ambrosia","SC928",606733.80571306,2006,1999
"Ambrosia artemisiifolia","TUR",2011,"Damage_costs",NA,"Ambrosia","SC737",151683.451428265,2011,1999
"Ambrosia artemisiifolia","TUR",2011,"Damage_costs",NA,"Ambrosia","SC996",910100.70856959,2011,1999
"Ambrosia artemisiifolia","TUR",2011,"Damage_costs",NA,"Ambrosia","SC1782",97077408.9140896,2011,1999
"Ambrosia artemisiifolia","UKR",2011,"Damage_costs",NA,"Ambrosia","SC1307",5763971.15427407,2008,1999
"Ambrosia artemisiifolia","UKR",2011,"Damage_costs",NA,"Ambrosia","SC1905",256193349.46234,2008,1999
"Ambrosia artemisiifolia","UKR",2011,"Damage_costs",NA,"Ambrosia","SC2031",1248354805.25462,2008,1999
"Ambrosia polystachya","FRA",2008,"Damage_costs",NA,"Ambrosia","NE3323",1129076.09535938,2008,1999
"Ambrosia polystachya","FRA",2008,"Damage_costs",NA,"Ambrosia","NE3324",854273.814974212,2008,1999
"Ambrosia polystachya","FRA",2008,"Damage_costs",NA,"Ambrosia","NE3325",1534136.35787745,2008,1999
"Ambrosia polystachya","FRA",2008,"Damage_costs",NA,"Ambrosia","NE3326",3105019.96066297,2008,1999
"Ambrosia polystachya","FRA",2008,"Damage_costs",NA,"Ambrosia","NE3327",1468664.10675422,2008,1999
"Ambrosia polystachya","FRA",2008,"Damage_costs",NA,"Ambrosia","NE3328",4633418.0150546,2008,1999
"Ambrosia polystachya","FRA",2008,"Damage_costs",NA,"Ambrosia","NE3329",570345.840396525,2008,1999
"Ambrosia polystachya","FRA",2008,"Damage_costs",NA,"Ambrosia","NE3330",1034559.02011442,2008,1999
"Ambrosia polystachya","FRA",2009,"Damage_costs",NA,"Ambrosia","NE3338",1362871.91575156,2008,1999
"Ambrosia polystachya","FRA",2009,"Damage_costs",NA,"Ambrosia","NE3339",1107691.79478297,2008,1999
"Ambrosia polystachya","FRA",2009,"Damage_costs",NA,"Ambrosia","NE3340",2063477.41827085,2008,1999
"Ambrosia polystachya","FRA",2009,"Damage_costs",NA,"Ambrosia","NE3341",4079122.6075555,2008,1999
"Ambrosia polystachya","FRA",2009,"Damage_costs",NA,"Ambrosia","NE3342",1953231.42122721,2008,1999
"Ambrosia polystachya","FRA",2009,"Damage_costs",NA,"Ambrosia","NE3343",6149750.55760916,2008,1999
"Ambrosia polystachya","FRA",2009,"Damage_costs",NA,"Ambrosia","NE3344",812580.567310724,2008,1999
"Ambrosia polystachya","FRA",2009,"Damage_costs",NA,"Ambrosia","NE3345",1313232.53208703,2008,1999
"Ambrosia polystachya","FRA",2010,"Damage_costs",NA,"Ambrosia","NE3346",407539.570217582,2008,1999
"Ambrosia polystachya","FRA",2010,"Damage_costs",NA,"Ambrosia","NE3347",313970.694055197,2008,1999
"Ambrosia polystachya","FRA",2010,"Damage_costs",NA,"Ambrosia","NE3348",609170.08889015,2008,1999
"Ambrosia polystachya","FRA",2010,"Damage_costs",NA,"Ambrosia","NE3349",1111086.25551284,2008,1999
"Ambrosia polystachya","FRA",2010,"Damage_costs",NA,"Ambrosia","NE3350",568742.349508858,2008,1999
"Ambrosia polystachya","FRA",2010,"Damage_costs",NA,"Ambrosia","NE3351",1805058.02833668,2008,1999
"Ambrosia polystachya","FRA",2010,"Damage_costs",NA,"Ambrosia","NE3352",223638.659898715,2008,1999
"Ambrosia polystachya","FRA",2010,"Damage_costs",NA,"Ambrosia","NE3353",397074.973272159,2008,1999
"Ambrosia polystachya","FRA",2010,"Damage_costs",NA,"Ambrosia","NE3362",21337.5247884599,2008,1999
"Ambrosia polystachya","FRA",2010,"Damage_costs",NA,"Ambrosia","NE3363",10874.4181017874,2008,1999
"Ambrosia polystachya","FRA",2010,"Damage_costs",NA,"Ambrosia","NE3364",20602.8272245047,2008,1999
"Ambrosia polystachya","FRA",2010,"Damage_costs",NA,"Ambrosia","NE3365",57553.7929410756,2008,1999
"Ambrosia polystachya","FRA",2010,"Damage_costs",NA,"Ambrosia","NE3366",25855.9893197219,2008,1999
"Ambrosia polystachya","FRA",2010,"Damage_costs",NA,"Ambrosia","NE3367",84609.4405548826,2008,1999
"Ambrosia polystachya","FRA",2010,"Damage_costs",NA,"Ambrosia","NE3368",10391.5742666525,2008,1999
"Ambrosia polystachya","FRA",2010,"Damage_costs",NA,"Ambrosia","NE3369",25818.7328509615,2008,1999
"Ambrosia polystachya","FRA",2010,"Damage_costs",NA,"Ambrosia","NE3378",28782.8575055395,2008,1999
"Ambrosia polystachya","FRA",2010,"Damage_costs",NA,"Ambrosia","NE3379",20958.9990658541,2008,1999
"Ambrosia polystachya","FRA",2010,"Damage_costs",NA,"Ambrosia","NE3380",37195.3681516392,2008,1999
"Ambrosia polystachya","FRA",2010,"Damage_costs",NA,"Ambrosia","NE3381",110899.095170976,2008,1999
"Ambrosia polystachya","FRA",2010,"Damage_costs",NA,"Ambrosia","NE3382",72915.3801403663,2008,1999
"Ambrosia polystachya","FRA",2010,"Damage_costs",NA,"Ambrosia","NE3383",140324.254197945,2008,1999
"Ambrosia polystachya","FRA",2010,"Damage_costs",NA,"Ambrosia","NE3384",15433.1196193107,2008,1999
"Ambrosia polystachya","FRA",2010,"Damage_costs",NA,"Ambrosia","NE3385",37658.8386230187,2008,1999
"Ambrosia polystachya","FRA",2010,"Damage_costs",NA,"Ambrosia","NE3394",214987.707852549,2008,1999
"Ambrosia polystachya","FRA",2010,"Damage_costs",NA,"Ambrosia","NE3395",161409.925257584,2008,1999
"Ambrosia polystachya","FRA",2010,"Damage_costs",NA,"Ambrosia","NE3396",334665.917322227,2008,1999
"Ambrosia polystachya","FRA",2010,"Damage_costs",NA,"Ambrosia","NE3397",733491.944626125,2008,1999
"Ambrosia polystachya","FRA",2010,"Damage_costs",NA,"Ambrosia","NE3398",309504.388580199,2008,1999
"Ambrosia polystachya","FRA",2010,"Damage_costs",NA,"Ambrosia","NE3399",1121817.60877459,2008,1999
"Ambrosia polystachya","FRA",2010,"Damage_costs",NA,"Ambrosia","NE3400",133720.91767485,2008,1999
"Ambrosia polystachya","FRA",2010,"Damage_costs",NA,"Ambrosia","NE3401",211493.051082823,2008,1999
"Ambrosia polystachya","FRA",2010,"Damage_costs",NA,"Ambrosia","NE3410",237530.851970096,2008,1999
"Ambrosia polystachya","FRA",2010,"Damage_costs",NA,"Ambrosia","NE3411",473575.915966026,2008,1999
"Ambrosia polystachya","FRA",2010,"Damage_costs",NA,"Ambrosia","NE3412",563411.693958619,2008,1999
"Ambrosia polystachya","FRA",2010,"Damage_costs",NA,"Ambrosia","NE3413",1208315.20716625,2008,1999
"Ambrosia polystachya","FRA",2010,"Damage_costs",NA,"Ambrosia","NE3414",686344.628539206,2008,1999
"Ambrosia polystachya","FRA",2010,"Damage_costs",NA,"Ambrosia","NE3415",1512679.69331626,2008,1999
"Ambrosia polystachya","FRA",2010,"Damage_costs",NA,"Ambrosia","NE3416",249797.171744772,2008,1999
"Ambrosia polystachya","FRA",2010,"Damage_costs",NA,"Ambrosia","NE3417",334326.138327132,2008,1999
"Ambrosia polystachya","FRA",2010,"Damage_costs",NA,"Ambrosia","NE3426",35410.0381686405,2008,1999
"Ambrosia polystachya","FRA",2010,"Damage_costs",NA,"Ambrosia","NE3427",17778.7868924659,2008,1999
"Ambrosia polystachya","FRA",2010,"Damage_costs",NA,"Ambrosia","NE3428",39715.3956985931,2008,1999
"Ambrosia polystachya","FRA",2010,"Damage_costs",NA,"Ambrosia","NE3429",90095.0830151648,2008,1999
"Ambrosia polystachya","FRA",2010,"Damage_costs",NA,"Ambrosia","NE3430",44527.4412036872,2008,1999
"Ambrosia polystachya","FRA",2010,"Damage_costs",NA,"Ambrosia","NE3431",140638.698794282,2008,1999
"Ambrosia polystachya","FRA",2010,"Damage_costs",NA,"Ambrosia","NE3432",16392.8462545788,2008,1999
"Ambrosia polystachya","FRA",2010,"Damage_costs",NA,"Ambrosia","NE3433",26993.0567462895,2008,1999
"Ambrosia polystachya","FRA",2011,"Damage_costs",NA,"Ambrosia","NE3354",710280.513830565,2008,1999
"Ambrosia polystachya","FRA",2011,"Damage_costs",NA,"Ambrosia","NE3355",499419.280662077,2008,1999
"Ambrosia polystachya","FRA",2011,"Damage_costs",NA,"Ambrosia","NE3356",939496.961456388,2008,1999
"Ambrosia polystachya","FRA",2011,"Damage_costs",NA,"Ambrosia","NE3357",1983073.03994479,2008,1999
"Ambrosia polystachya","FRA",2011,"Damage_costs",NA,"Ambrosia","NE3358",1001037.97136986,2008,1999
"Ambrosia polystachya","FRA",2011,"Damage_costs",NA,"Ambrosia","NE3359",3110555.85325977,2008,1999
"Ambrosia polystachya","FRA",2011,"Damage_costs",NA,"Ambrosia","NE3360",437988.999668144,2008,1999
"Ambrosia polystachya","FRA",2011,"Damage_costs",NA,"Ambrosia","NE3361",735566.145183657,2008,1999
"Ambrosia polystachya","FRA",2011,"Damage_costs",NA,"Ambrosia","NE3370",29288.5576362837,2008,1999
"Ambrosia polystachya","FRA",2011,"Damage_costs",NA,"Ambrosia","NE3371",12970.4519316309,2008,1999
"Ambrosia polystachya","FRA",2011,"Damage_costs",NA,"Ambrosia","NE3372",24175.3084886369,2008,1999
"Ambrosia polystachya","FRA",2011,"Damage_costs",NA,"Ambrosia","NE3373",74333.9922069356,2008,1999
"Ambrosia polystachya","FRA",2011,"Damage_costs",NA,"Ambrosia","NE3374",29772.4278463399,2008,1999
"Ambrosia polystachya","FRA",2011,"Damage_costs",NA,"Ambrosia","NE3375",110113.084729835,2008,1999
"Ambrosia polystachya","FRA",2011,"Damage_costs",NA,"Ambrosia","NE3376",15831.201825568,2008,1999
"Ambrosia polystachya","FRA",2011,"Damage_costs",NA,"Ambrosia","NE3377",33267.2145672471,2008,1999
"Ambrosia polystachya","FRA",2011,"Damage_costs",NA,"Ambrosia","NE3386",47132.5988623048,2008,1999
"Ambrosia polystachya","FRA",2011,"Damage_costs",NA,"Ambrosia","NE3387",29554.0036762832,2008,1999
"Ambrosia polystachya","FRA",2011,"Damage_costs",NA,"Ambrosia","NE3388",53673.1892878916,2008,1999
"Ambrosia polystachya","FRA",2011,"Damage_costs",NA,"Ambrosia","NE3389",154800.546355116,2008,1999
"Ambrosia polystachya","FRA",2011,"Damage_costs",NA,"Ambrosia","NE3390",96966.679994547,2008,1999
"Ambrosia polystachya","FRA",2011,"Damage_costs",NA,"Ambrosia","NE3391",206219.719554783,2008,1999
"Ambrosia polystachya","FRA",2011,"Damage_costs",NA,"Ambrosia","NE3392",19573.2325723033,2008,1999
"Ambrosia polystachya","FRA",2011,"Damage_costs",NA,"Ambrosia","NE3393",49388.1317850431,2008,1999
"Ambrosia polystachya","FRA",2011,"Damage_costs",NA,"Ambrosia","NE3402",392333.79762275,2008,1999
"Ambrosia polystachya","FRA",2011,"Damage_costs",NA,"Ambrosia","NE3403",221266.717936467,2008,1999
"Ambrosia polystachya","FRA",2011,"Damage_costs",NA,"Ambrosia","NE3404",440999.916178995,2008,1999
"Ambrosia polystachya","FRA",2011,"Damage_costs",NA,"Ambrosia","NE3405",1172164.2076022,2008,1999
"Ambrosia polystachya","FRA",2011,"Damage_costs",NA,"Ambrosia","NE3406",467910.077296883,2008,1999
"Ambrosia polystachya","FRA",2011,"Damage_costs",NA,"Ambrosia","NE3407",1566993.19800095,2008,1999
"Ambrosia polystachya","FRA",2011,"Damage_costs",NA,"Ambrosia","NE3408",202990.378873876,2008,1999
"Ambrosia polystachya","FRA",2011,"Damage_costs",NA,"Ambrosia","NE3409",391190.104398981,2008,1999
"Ambrosia polystachya","FRA",2011,"Damage_costs",NA,"Ambrosia","NE3418",270425.807709854,2008,1999
"Ambrosia polystachya","FRA",2011,"Damage_costs",NA,"Ambrosia","NE3419",405377.057611067,2008,1999
"Ambrosia polystachya","FRA",2011,"Damage_costs",NA,"Ambrosia","NE3420",645083.932737668,2008,1999
"Ambrosia polystachya","FRA",2011,"Damage_costs",NA,"Ambrosia","NE3421",1461080.22804116,2008,1999
"Ambrosia polystachya","FRA",2011,"Damage_costs",NA,"Ambrosia","NE3422",753484.511300878,2008,1999
"Ambrosia polystachya","FRA",2011,"Damage_costs",NA,"Ambrosia","NE3423",1737996.57063763,2008,1999
"Ambrosia polystachya","FRA",2011,"Damage_costs",NA,"Ambrosia","NE3424",306359.61735321,2008,1999
"Ambrosia polystachya","FRA",2011,"Damage_costs",NA,"Ambrosia","NE3425",436538.90587249,2008,1999
"Ambrosia polystachya","FRA",2011,"Damage_costs",NA,"Ambrosia","NE3434",55325.0220739454,2008,1999
"Ambrosia polystachya","FRA",2011,"Damage_costs",NA,"Ambrosia","NE3435",29356.8151894264,2008,1999
"Ambrosia polystachya","FRA",2011,"Damage_costs",NA,"Ambrosia","NE3436",58264.6473626252,2008,1999
"Ambrosia polystachya","FRA",2011,"Damage_costs",NA,"Ambrosia","NE3437",143771.642601767,2008,1999
"Ambrosia polystachya","FRA",2011,"Damage_costs",NA,"Ambrosia","NE3438",73275.2417159663,2008,1999
"Ambrosia polystachya","FRA",2011,"Damage_costs",NA,"Ambrosia","NE3439",230916.819116334,2008,1999
"Ambrosia polystachya","FRA",2011,"Damage_costs",NA,"Ambrosia","NE3440",26687.1864442889,2008,1999
"Ambrosia polystachya","FRA",2011,"Damage_costs",NA,"Ambrosia","NE3441",47619.5027413895,2008,1999
"Ambrosia spp.","NLD",2009,"Damage_costs",NA,"Ambrosia","NE4742",15936108.2745941,2009,1999
"Callosciurus erythraeus","JPN",2001,"Damage_costs",NA,"Callosciurus","NE4823",22781.9795153734,2001,2005
"Callosciurus erythraeus","JPN",2002,"Damage_costs",NA,"Callosciurus","NE4823",22781.9795153734,2001,2005
"Callosciurus erythraeus","JPN",2002,"Damage_costs",NA,"Callosciurus","NE4824",10868.0383229697,2001,2005
"Callosciurus erythraeus","JPN",2003,"Damage_costs",NA,"Callosciurus","NE4824",10868.0383229697,2001,2005
"Callosciurus erythraeus","JPN",2003,"Damage_costs",NA,"Callosciurus","NE4825",11493.4319936123,2001,2005
"Callosciurus erythraeus","JPN",2004,"Damage_costs",NA,"Callosciurus","NE4825",11493.4319936123,2001,2005
"Callosciurus erythraeus","JPN",2005,"Damage_costs",NA,"Callosciurus","NE4826",22775.6580322405,2001,2005
"Callosciurus erythraeus","JPN",2010,"Damage_costs",NA,"Callosciurus","NE4830",97685.1955928305,2001,2005
"Callosciurus erythraeus","JPN",2006,"Damage_costs",NA,"Callosciurus","NE4826",22775.6580322405,2001,2005
"Callosciurus erythraeus","JPN",2006,"Damage_costs",NA,"Callosciurus","NE4827",146371.43334034,2001,2005
"Callosciurus erythraeus","JPN",2011,"Damage_costs",NA,"Callosciurus","NE4831",76836.4438675548,2001,2005
"Callosciurus erythraeus","JPN",2007,"Damage_costs",NA,"Callosciurus","NE4827",146371.43334034,2001,2005
"Callosciurus erythraeus","JPN",2007,"Damage_costs",NA,"Callosciurus","NE4828",60237.5322515994,2001,2005
"Callosciurus erythraeus","JPN",2012,"Damage_costs",NA,"Callosciurus","NE4832",122889.377322717,2001,2005
"Callosciurus erythraeus","JPN",2008,"Damage_costs",NA,"Callosciurus","NE4828",60237.5322515994,2001,2005
"Callosciurus erythraeus","JPN",2008,"Damage_costs",NA,"Callosciurus","NE4829",66089.096239909,2001,2005
"Callosciurus erythraeus","JPN",2013,"Damage_costs",NA,"Callosciurus","NE4834",43125.2457694887,2001,2005
"Callosciurus erythraeus","JPN",2009,"Damage_costs",NA,"Callosciurus","NE4829",66089.096239909,2001,2005
"Callosciurus erythraeus","JPN",2009,"Damage_costs",NA,"Callosciurus","NE4830",97685.1955928305,2001,2005
"Callosciurus erythraeus","JPN",2015,"Damage_costs",NA,"Callosciurus","NE4835",58638.8009631368,2001,2005
"Callosciurus erythraeus","JPN",2015,"Damage_costs",NA,"Callosciurus","NE4836",102526.563274832,2001,2005
"Callosciurus erythraeus","JPN",2010,"Damage_costs",NA,"Callosciurus","NE4831",76836.4438675548,2001,2005
"Callosciurus erythraeus","JPN",2016,"Damage_costs",NA,"Callosciurus","NE4837",37550.2849762049,2001,2005
"Callosciurus erythraeus","JPN",2017,"Damage_costs",NA,"Callosciurus","NE4837",37550.2849762049,2001,2005
"Callosciurus erythraeus","JPN",2011,"Damage_costs",NA,"Callosciurus","NE4832",122889.377322717,2001,2005
"Callosciurus erythraeus","JPN",2018,"Damage_costs",NA,"Callosciurus","NE4838",17830.6927626242,2001,2005
"Callosciurus erythraeus","JPN",2014,"Damage_costs",NA,"Callosciurus","NE4834",43125.2457694887,2001,2005
"Callosciurus erythraeus","JPN",2012,"Damage_costs",NA,"Callosciurus","NE4833",93662.2807654516,2001,2005
"Callosciurus erythraeus","JPN",2013,"Damage_costs",NA,"Callosciurus","NE4833",93662.2807654516,2001,2005
"Callosciurus erythraeus","JPN",2017,"Damage_costs",NA,"Callosciurus","NE4838",17830.6927626242,2001,2005
"Callosciurus erythraeus","JPN",2016,"Damage_costs",NA,"Callosciurus","NE4836",102526.563274832,2001,2005
"Callosciurus erythraeus","JPN",2014,"Damage_costs",NA,"Callosciurus","NE4835",58638.8009631368,2001,2005
"Procyon lotor","JPN",1995,"Damage_costs",NA,"Procyon","NE4884",2154.8053944961,1995,2013
"Procyon lotor","JPN",1996,"Damage_costs",NA,"Procyon","NE4884",2154.8053944961,1995,2013
"Procyon lotor","JPN",1996,"Damage_costs",NA,"Procyon","NE4885",96111.2700379852,1995,2013
"Procyon lotor","JPN",1997,"Damage_costs",NA,"Procyon","NE4885",96111.2700379852,1995,2013
"Procyon lotor","JPN",1997,"Damage_costs",NA,"Procyon","NE4886",219863.661008121,1995,2013
"Procyon lotor","JPN",1998,"Damage_costs",NA,"Procyon","NE4886",219863.661008121,1995,2013
"Procyon lotor","JPN",2000,"Damage_costs",NA,"Procyon","NE4778",475518.723410122,1995,2013
"Procyon lotor","JPN",2001,"Damage_costs",NA,"Procyon","NE4778",475518.723410122,1995,2013
"Procyon lotor","JPN",2001,"Damage_costs",NA,"Procyon","NE4779",410075.631276721,1995,2013
"Procyon lotor","JPN",2002,"Damage_costs",NA,"Procyon","NE4779",410075.631276721,1995,2013
"Procyon lotor","JPN",2002,"Damage_costs",NA,"Procyon","NE4780",847706.989191636,1995,2013
"Procyon lotor","JPN",2003,"Damage_costs",NA,"Procyon","NE4780",847706.989191636,1995,2013
"Procyon lotor","JPN",2003,"Damage_costs",NA,"Procyon","NE4781",907981.127495368,1995,2013
"Procyon lotor","JPN",2004,"Damage_costs",NA,"Procyon","NE4781",907981.127495368,1995,2013
"Procyon lotor","JPN",2004,"Damage_costs",NA,"Procyon","NE4782",1547307.56139418,1995,2013
"Procyon lotor","JPN",2005,"Damage_costs",NA,"Procyon","NE4782",1547307.56139418,1995,2013
"Procyon lotor","JPN",2005,"Damage_costs",NA,"Procyon","NE4783",1765113.49749864,1995,2013
"Procyon lotor","JPN",2006,"Damage_costs",NA,"Procyon","NE4783",1765113.49749864,1995,2013
"Procyon lotor","JPN",2006,"Damage_costs",NA,"Procyon","NE4784",1714636.79055827,1995,2013
"Procyon lotor","JPN",2007,"Damage_costs",NA,"Procyon","NE4784",1714636.79055827,1995,2013
"Procyon lotor","JPN",2007,"Damage_costs",NA,"Procyon","NE4785",2118353.21751458,1995,2013
"Procyon lotor","JPN",2008,"Damage_costs",NA,"Procyon","NE4785",2118353.21751458,1995,2013
"Procyon lotor","JPN",2008,"Damage_costs",NA,"Procyon","NE4786",2158910.47717036,1995,2013
"Procyon lotor","JPN",2009,"Damage_costs",NA,"Procyon","NE4786",2158910.47717036,1995,2013
"Procyon lotor","JPN",2009,"Damage_costs",NA,"Procyon","NE4787",3406771.19629996,1995,2013
"Procyon lotor","JPN",2010,"Damage_costs",NA,"Procyon","NE4787",3406771.19629996,1995,2013
"Procyon lotor","JPN",2010,"Damage_costs",NA,"Procyon","NE4788",4507738.04022988,1995,2013
"Procyon lotor","JPN",2011,"Damage_costs",NA,"Procyon","NE4788",4507738.04022988,1995,2013
"Procyon lotor","JPN",2011,"Damage_costs",NA,"Procyon","NE4789",5229625.72384451,1995,2013
"Procyon lotor","JPN",2012,"Damage_costs",NA,"Procyon","NE4789",5229625.72384451,1995,2013
"Procyon lotor","JPN",2012,"Damage_costs",NA,"Procyon","NE4790",4455648.49927077,1995,2013
"Procyon lotor","JPN",2013,"Damage_costs",NA,"Procyon","NE4790",4455648.49927077,1995,2013
"Procyon lotor","JPN",2013,"Damage_costs",NA,"Procyon","NE4791",3654864.57896416,1995,2013
"Procyon lotor","JPN",2014,"Damage_costs",NA,"Procyon","NE4791",3654864.57896416,1995,2013
"Procyon lotor","JPN",2014,"Damage_costs",NA,"Procyon","NE4792",3264226.58694795,1995,2013
"Procyon lotor","JPN",2015,"Damage_costs",NA,"Procyon","NE4793",2939094.81387853,1995,2013
"Procyon lotor","JPN",2015,"Damage_costs",NA,"Procyon","NE4792",3264226.58694795,1995,2013
"Procyon lotor","JPN",2016,"Damage_costs",NA,"Procyon","NE4793",2939094.81387853,1995,2013
"Procyon lotor","JPN",2016,"Damage_costs",NA,"Procyon","NE4794",3154223.93800121,1995,2013
"Procyon lotor","JPN",2018,"Damage_costs",NA,"Procyon","NE4795",2915318.26668905,1995,2013
"Procyon lotor","JPN",2017,"Damage_costs",NA,"Procyon","NE4795",2915318.26668905,1995,2013
"Procyon lotor","JPN",2017,"Damage_costs",NA,"Procyon","NE4794",3154223.93800121,1995,2013
